food_alias_id,food_id,alias_name,normalized_alias,alias_type
37ed4715-eecd-52d3-bdb1-06ad34e84e15,ad791d7d-7ffe-54a5-a527-4c4af8d0d129,가라지,가라지,INGREDIENT_BASE
9062795c-9c2b-5987-8fa7-31a066fe8b87,36804bba-40aa-512d-88dc-f59deebc4d22,가리비,가리비,INGREDIENT_BASE
72b5eab0-64b4-5c8b-9e5f-0aeb3250ca79,ce8f93d7-5739-5eb9-9833-d3aa0785277f,가물치,가물치,INGREDIENT_BASE
7a74eec4-20db-52ce-b04a-89c6b7a83c7b,38b5ba36-1335-522c-8774-dd8674e5d2d9,가시망둑,가시망둑,INGREDIENT_BASE
e40777b1-617a-5cbc-a86f-ff4576885e89,464d0011-133b-5a16-a34c-544e99de0efb,가시오갈피,가시오갈피,INGREDIENT_BASE
e9e91399-a3eb-5e18-b416-8d78150fdb6d,9bc3077a-9d9d-5160-854a-65a5299c83d0,가오리,가오리,INGREDIENT_BASE
e97505b2-9e1a-56b5-9291-54f09fbf5cb5,b0d21222-9b98-5e90-9146-873c1447ab05,가자미,가자미,INGREDIENT_BASE
ba987769-07b6-58ce-801e-b0c6f593c3e8,aace30de-b0f5-5847-a7ba-5d2a2a64d55b,가재,가재,INGREDIENT_BASE
171b2c30-763a-570a-81e0-f216bbfb897b,2c356f48-666f-5245-9989-7f8fc65e483e,가지,가지,INGREDIENT_BASE
e61efedb-e1a3-5b97-af6c-375cde3c609f,512dbf46-b9d1-5546-bb0f-5c6f4a442d52,각시수랑,각시수랑,INGREDIENT_BASE
0de2b89f-4d1d-5192-bb52-dc80d895a6bb,6c448c8d-6497-5902-b3a7-38c1d91f50e2,갈래곰보,갈래곰보,INGREDIENT_BASE
4be3e545-9099-5cb3-b203-dbb35af8ad7e,0d019053-d9bb-5413-bdcd-17c687552d88,갈치,갈치,INGREDIENT_BASE
f8f8b77b-e061-5273-8fcc-707c86545a1a,3027d698-6782-5580-9054-4e98741eddb9,감,감,INGREDIENT_BASE
ca4acf91-f1a0-5745-8123-371e12744138,00a8cf04-ff62-53ea-9390-08240046988b,감자,감자,INGREDIENT_BASE
f0b4dede-782f-5ee1-93f9-d2e33a2ee446,56e1d08d-4812-5be2-9186-9e0efaa67366,감자 샐러드,감자샐러드,INGREDIENT_BASE
51743b87-a122-5346-9f75-32bf9a436b44,96c0b29b-68f4-56be-b759-a289efe5ad94,감자 튀김,감자튀김,INGREDIENT_BASE
99800edf-6495-5d07-86c6-b4b42335669a,c515ad35-38c5-5f5e-99fd-6ba421225c9d,갓,갓,INGREDIENT_BASE
7a72e134-e5bf-5dac-b906-ddb9a124a542,6b3e369d-5bdc-553b-b71d-b9c997475c38,강낭콩,강낭콩,INGREDIENT_BASE
115ed57c-921a-5439-bcb9-950406744754,9c541eeb-5fe6-5a25-8d4b-c20812e22e9c,강달이,강달이,INGREDIENT_BASE
132e3dce-f566-561e-b3b4-6aa9b8a385de,5d5cc8c8-436e-59bf-b653-5db052825114,개불,개불,INGREDIENT_BASE
a9d57b99-f1fd-5385-9642-d83591d7efc4,ee50d6e8-c3af-55b0-b7ab-e647e0747b2a,개암,개암,INGREDIENT_BASE
afd038f6-845d-503a-8d4a-1f78166b20da,bea39a5f-72de-5413-90e5-5dc4f69e7a73,갯기름나물,갯기름나물,INGREDIENT_BASE
9bbe599d-7f14-5933-ae01-7d3c54d60e7b,3102ab78-2794-5111-99e0-7f55ff8ffd4e,갯나물,갯나물,INGREDIENT_BASE
7781c96b-05c8-5fae-89b5-037cfbcf9c35,c8fdef7a-6a27-5c44-99db-9a57d42d4f0a,거위고기,거위고기,INGREDIENT_BASE
d013acef-bb60-5a6e-84a7-4c3cc6626fef,cdaaf9ed-cfcb-59da-992e-325e2d1caa57,거위 부산물,거위부산물,INGREDIENT_BASE
e0c595e0-6c55-5a9c-9c2d-ff8930db4539,688c90db-65bf-5d05-ad32-1a518727164f,거위알,거위알,INGREDIENT_BASE
e37e398b-947e-5914-bc72-e0c7502f71aa,64e8159c-9146-53de-924e-d379d1a6c06d,검은비늘버섯,검은비늘버섯,INGREDIENT_BASE
9053a63c-027d-5dd9-bc63-781a0421e477,42a66f8d-e38b-5657-b113-ae1268a55ace,게,게,INGREDIENT_BASE
757f62f3-5f6d-56e8-a581-eba36607ed2a,d4f944db-3604-51a9-9603-7a9d98dec268,게걸무,게걸무,INGREDIENT_BASE
d878f78d-c6ce-556c-beac-3d02370b4ffb,3fc4f7fb-05f2-56d6-a6f4-e6fb42de6f5a,게르치,게르치,INGREDIENT_BASE
165a8c64-41b8-58c4-be2b-e9750e146641,837eae08-5ea8-5f45-828b-26dbaed77720,게맛살,게맛살,INGREDIENT_BASE
cd2d5254-6c51-5d5e-b66f-e9d7581fc17f,bf964719-c088-5e70-8a28-33a0a5ad1953,겨자,겨자,INGREDIENT_BASE
c6bfcbc8-dad3-582b-b34a-ca378c87d3c9,0ce0fb9c-c5b8-593b-aeae-49230bddc444,경수채,경수채,INGREDIENT_BASE
f701c676-c91f-570e-bf39-2311847c33c8,4e51d733-bb5e-58df-be07-977e24973df2,고구마,고구마,INGREDIENT_BASE
935ee2ba-5cda-53fb-808e-7c1d7a638f7f,203ec39d-d61e-58fa-a6ea-4f41dc18fda9,고둥,고둥,INGREDIENT_BASE
6aa51a71-35d2-51b8-908e-316a5343943d,e8a27a15-e125-5621-94b9-f366b29e1950,고들빼기,고들빼기,INGREDIENT_BASE
78c29a37-84fe-50fa-8c88-b040adecaf2b,e7ca1395-256d-50c4-8c26-6c33435df6c3,고등어,고등어,INGREDIENT_BASE
9debc257-59e3-5b4e-8bc7-31be9c1d0f8d,fe70d784-7756-56c7-aaf0-9b85445d01fc,고래고기,고래고기,INGREDIENT_BASE
d02baf53-d459-55e1-87cc-bfd4566c54da,837bf4d7-9914-55a4-82a0-95fa62393cbd,고려엉겅퀴(곤드레),고려엉겅퀴곤드레,INGREDIENT_BASE
bf12796e-2532-5633-9203-0deb153142b0,b5a943ca-4b5d-5bee-abf6-c3dbfe8d0a08,고비,고비,INGREDIENT_BASE
4860d149-8aa5-5f2d-a0ab-1fbc53d779d8,253d89d6-7e65-504f-a25a-c101b4c73c44,고사리,고사리,INGREDIENT_BASE
16390ba6-fe80-5e0e-ad8c-f817827b2cfe,197ed6d0-fc4c-5712-9132-43c482651b3f,고수(향채),고수향채,INGREDIENT_BASE
83eb0846-ae14-5004-a416-6620ed00cfd2,c289c977-4501-5814-9816-ee27a51a5b9e,고추,고추,INGREDIENT_BASE
01bd8308-6dc4-5501-aff1-e738b1fde589,7800276a-070a-5339-a51f-0271d79f8047,고추냉이,고추냉이,INGREDIENT_BASE
e5e0dbce-3b3e-5ed6-b8ce-daf4b3bcb6d6,d8e53c5d-4704-5569-b2d0-3cbb038cf310,고추장아찌,고추장아찌,INGREDIENT_BASE
7cb69968-2991-511b-b8d8-a3fe5b186279,0ef34eb8-8cac-57ec-a546-9871da045f28,고춧잎,고춧잎,INGREDIENT_BASE
d6bbc001-eab4-5e45-bbd5-63a2f9134eb7,097308e5-6acd-550f-94c1-c005794e5f6b,곤달비,곤달비,INGREDIENT_BASE
e965d863-8b0a-528a-8d37-da0cda25f605,95d19262-446b-5391-9b9c-9575e5f0d602,곤약(구약나물),곤약구약나물,INGREDIENT_BASE
5ed0b177-8d53-5916-b822-346dc3a7ec0a,8ed281ac-3584-5fde-b088-17727b610500,곰피,곰피,INGREDIENT_BASE
d0746707-c15d-5083-8f46-face647b75ac,ddf9c972-49ff-5457-8ae7-753cf83461e8,공심채,공심채,INGREDIENT_BASE
7b54aaf2-872b-5f73-94b8-698691e96abf,e2de50de-58fd-5153-bb8d-a3b6f8e9ab36,괴도라치,괴도라치,INGREDIENT_BASE
d5b8afc5-a3bc-5ff8-88e1-cdddb8dbba11,84f76352-9cdc-59fc-985e-0a298f2be344,구기자,구기자,INGREDIENT_BASE
44cbb1e0-fbf9-57ad-8334-43d0dc6bda23,65106c87-cdcb-54c8-b25f-5b24e97f3d07,구스베리,구스베리,INGREDIENT_BASE
eb1c0a78-35ab-5d51-b007-d8cbab2f9187,3310e536-d8ab-54dc-80d5-d3b1b3b2cc93,구아바,구아바,INGREDIENT_BASE
e485ca0e-1e4b-5e0d-9627-ea8996c09b92,b2f25352-a63d-570e-a690-b6d4526cb0ae,국화꽃,국화꽃,INGREDIENT_BASE
29874e4c-813e-5dd4-8e96-d5f4dcb64e3a,b2d67881-b229-53cc-a444-a573bc65341d,군소,군소,INGREDIENT_BASE
4d9c6c33-392b-5ded-9fa4-44ffa2e9e9b0,b156b22f-6bb5-5c35-8c60-0a57dd9424c2,군평선이,군평선이,INGREDIENT_BASE
da89502f-b51c-5a0f-929a-d2204d5996a6,911cf53a-4158-57ba-a0fa-af4e5b0932ad,굴,굴,INGREDIENT_BASE
869b7f4c-9be3-5b21-9792-6b6f3346f8f3,a25d731a-d4cd-50c4-b352-6d61efd34698,귀리,귀리,INGREDIENT_BASE
47227fa8-12e6-55fe-b0f9-5621758ed9c7,d639d8f1-293b-5db1-88c1-ce7fb26ff80a,귤,귤,INGREDIENT_BASE
cd6e1b60-508f-501a-ad14-05d8d21d8d23,7fb96160-5840-5df9-8704-53538d856ca2,귤 착즙,귤착즙,INGREDIENT_BASE
4a26b771-badf-5a53-82fe-8d9c96af233d,08b8daf5-d0f1-55f0-96be-fce01a050484,근대,근대,INGREDIENT_BASE
b181eee2-ac03-5246-bd66-1b5ce8fa9591,15f4ff65-f7d8-567a-a0d8-a104d9548258,금귤,금귤,INGREDIENT_BASE
2d6dcac0-cbc6-5b85-83eb-875c76701f33,966fb160-0dd2-5bec-b4b6-f5a6d0b1e329,기러기알,기러기알,INGREDIENT_BASE
bfdd60ba-05dc-5763-8fe3-ec2ee298aca0,cce62df1-e5a9-510e-a24d-ea1a1458afab,기름종개,기름종개,INGREDIENT_BASE
d907d0f0-c5fc-525b-aedd-3c70d4d6b263,72478133-3f87-5f45-b578-feb916e0f415,기장,기장,INGREDIENT_BASE
ca839b68-cff9-55d3-870b-c88a12260caa,d664bdcc-90e1-52cd-9167-175635bd40bb,김,김,INGREDIENT_BASE
e51cc8d2-2b5b-5a28-825a-e8f26ec5bece,1e94e70e-c976-568c-b29b-21632032b6fe,까나리,까나리,INGREDIENT_BASE
e2bed6c7-9c62-54e1-9991-829efe9de9b8,b7a22b7e-97f2-5cc3-89a3-75ad28f48a67,꺽저기,꺽저기,INGREDIENT_BASE
f3230a9b-18bc-5231-8ea5-f5392f0e3ca9,40cb3b6c-8370-55d1-913d-d7168b7659f2,꼬막,꼬막,INGREDIENT_BASE
85ccbdfa-2441-5c5a-b2df-f187f924add1,a932242b-b090-5cf6-9ce0-4d8994971f01,꼬시래기,꼬시래기,INGREDIENT_BASE
de4c54ae-f70c-5cd7-a063-733e2591debc,a7b97477-5844-5f84-8d3c-db6d420df8da,꼬치고기,꼬치고기,INGREDIENT_BASE
f63ea6eb-16b8-5b4e-ad6d-2489f623838e,4ad09ba5-2af6-58ee-993f-ece918fde850,꼴뚜기,꼴뚜기,INGREDIENT_BASE
2278a698-8d1b-5e51-ae88-792a5221396b,b0e96182-0b25-5403-9690-658c16e1542e,꼼치,꼼치,INGREDIENT_BASE
b6a31e81-e9fe-5fe5-9cbb-9fac9cce26f6,08f697df-0972-5b2a-add2-847ed37186ee,꽁치,꽁치,INGREDIENT_BASE
4d697abd-1eb5-5530-9e28-8b09cb430246,d03b3e97-c01d-5dce-ab46-bce4e0df9c7d,꽁치(과메기),꽁치과메기,INGREDIENT_BASE
2473bce1-febc-578d-8048-8316f02a6052,67b196d9-46aa-5f06-8852-05bc11bf1b57,꽃송이버섯,꽃송이버섯,INGREDIENT_BASE
0d8360aa-7c19-597f-a597-c622a0bc5229,8d9ee7c4-c2ac-5f7d-8867-db50e99d7d16,꽃양배추(콜리플라워),꽃양배추콜리플라워,INGREDIENT_BASE
18ae8a27-d346-5646-825a-66a042cf22b3,5e63f0e1-c75a-5016-b013-0efe1001d7ae,꾸지뽕,꾸지뽕,INGREDIENT_BASE
6ca6e624-ed77-5c44-b268-f7a12cff7197,3d83e8bb-52fd-5fc6-9936-cfafd93bdb56,꿀풀(하고초),꿀풀하고초,INGREDIENT_BASE
a5eb06f5-d30c-539e-9078-e54d40b7fe90,fcef4bd7-076a-534a-9fe5-7c5294586f35,꿩고기,꿩고기,INGREDIENT_BASE
b3dffab0-10e5-523f-9f9e-03e75d673c2a,d0765a9f-67cf-5259-af26-9e7530e737f7,나도팽나무버섯,나도팽나무버섯,INGREDIENT_BASE
20dba0ec-1797-567f-82c3-b8bac63c5862,18c3f462-dabb-57ae-b870-3fa6739bd324,낙지,낙지,INGREDIENT_BASE
4813e240-436b-58a7-90c5-40f0e591e3a5,eaccc57f-f9a4-520f-ac2a-1849150e8987,날개콩,날개콩,INGREDIENT_BASE
2496c84f-0ac0-5566-bcdf-09b538d8c5c9,cfb78e92-bd54-56a0-a221-ab9abf4f0272,날치,날치,INGREDIENT_BASE
6a699267-b553-5c18-a95e-36920818d2d6,f047f09a-ec55-54de-a703-2ee23453e9b5,납지리,납지리,INGREDIENT_BASE
86c58c23-6fb8-5c74-9e07-a4f8cfcabee2,25c34c1e-f980-5a43-aedd-a13b4a2dc8bd,냉이,냉이,INGREDIENT_BASE
7cfb7022-253b-57d8-8ba7-aa74d5f3d3ec,b47eef00-b486-516e-a64c-d9bce90c82fe,넙치(광어),넙치광어,INGREDIENT_BASE
05ee3893-ced0-5ccc-abc6-1355d4284fea,52b13c0c-5b8d-5c26-a986-f093f9c8a2ee,네동가리,네동가리,INGREDIENT_BASE
ca81f1b7-ca90-5583-a91e-a1a14dd3a1f7,ed6328c3-018a-53dd-acee-70b1730cb2ea,노랑촉수,노랑촉수,INGREDIENT_BASE
ecc51fd1-ba9c-5658-bb76-6bc90bc4e62a,2741c973-e856-5bc1-80bf-d7dbf02fd324,노래미,노래미,INGREDIENT_BASE
82e6c27f-391c-554b-a578-41ed947ce8ff,abf14e17-7283-5a73-8463-cd7fdf89cd63,노루궁뎅이버섯,노루궁뎅이버섯,INGREDIENT_BASE
46c4fd7a-2a2a-5163-b076-c910e730dd98,9bacd112-4e5f-58f6-b17f-97c87e5705d3,녹두,녹두,INGREDIENT_BASE
4f43c35b-208b-5ba2-9751-f0e506bca033,0ef75f56-237d-5f9b-b7e3-39c65a4caab5,녹두묵,녹두묵,INGREDIENT_BASE
2d7450d8-2aa2-59ad-8e10-0f0dfc88d992,f1edfb7f-a420-5ba9-b27f-78e198994ac7,놀래기,놀래기,INGREDIENT_BASE
31e3b620-0cc9-5b29-9e5e-128b929cfc3c,2af3d953-a5ea-51c9-82d6-94d80c2c2db6,농어,농어,INGREDIENT_BASE
02a39af0-9205-5348-9cf7-5a071b589f7c,318fd1dc-6a7a-5dbd-b98d-289ea98b702a,누룽지,누룽지,INGREDIENT_BASE
d82d8968-337c-5cd0-a10a-56724c799598,b3a40fd0-581b-5994-b209-4a6602a420e2,누리장나무잎,누리장나무잎,INGREDIENT_BASE
fd9a030b-5b92-5059-89d2-077e44cae7de,68f9ea86-8bd0-5dea-a91c-5dbabfc88072,누치,누치,INGREDIENT_BASE
7d711564-902a-5614-a86c-b44953155af0,c63e6fe1-c7e1-5b7e-aac1-7d958374454c,눈볼대,눈볼대,INGREDIENT_BASE
8f33297c-7ce1-502a-a30e-e4ed6ea78040,b0074e08-80ef-5f1b-9b4c-25499f654bd8,눈퉁멸,눈퉁멸,INGREDIENT_BASE
e3aa98df-377a-52e6-b0e3-0d0deb8fc3e0,461ed13b-5c93-549d-9634-1018eba7d671,느타리버섯,느타리버섯,INGREDIENT_BASE
b80fddb0-4850-5be1-ae2d-2b159f6b63fa,b9f6f5d7-41b1-5210-b127-d886fd82798f,는쟁이냉이,는쟁이냉이,INGREDIENT_BASE
7aa8ea57-4d75-5d85-8979-48d175cf835d,869acaaf-4c3f-5925-b01b-fd8c5ec68fd0,능성어,능성어,INGREDIENT_BASE
eb688619-cece-5da1-b603-d7999c6fef0d,8cc67e50-582e-5cc2-b682-d47af43f427c,능이버섯(향버섯),능이버섯향버섯,INGREDIENT_BASE
01e78888-14d1-526f-b36d-dbd72fed3c4c,0cb12dac-7cf6-50c2-a675-0855c11b7312,다금바리,다금바리,INGREDIENT_BASE
91b313f5-33cf-5038-ad9c-c2d36cf18c4a,e115a52d-3ae1-5256-9631-3233a7b80233,다랑어,다랑어,INGREDIENT_BASE
e7daa8b7-ded5-5ebd-a389-93367a26c89d,3f753843-6ca9-5a6d-a3bf-847606b9d0b1,다래,다래,INGREDIENT_BASE
13fdc2e2-dd1d-512a-89f6-76c29d632bd2,83520bee-7cf7-51ec-8780-473d4a399306,다슬기,다슬기,INGREDIENT_BASE
9e392cda-7330-507f-b8e9-3a5161489544,a0094b06-5edf-50ca-bb6c-8be59cfbd53e,다시마,다시마,INGREDIENT_BASE
0d34bab3-d34a-5267-b9b0-a16f310d5f07,bd6ae90f-6165-57ca-bf69-523a938b2c07,다시마 육수,다시마육수,INGREDIENT_BASE
f2ddddec-6471-5f9d-b1d2-01a43fb91a82,dca2ffe3-0be6-5892-90b2-003cac5d93be,다시마 튀각,다시마튀각,INGREDIENT_BASE
b2016812-fbc0-5a31-96df-bbf68aecfb0b,64cdc4b5-74bb-5ab1-a634-bde1687632ed,다식,다식,INGREDIENT_BASE
6933a54a-cb6f-56d2-8905-eb95a9c8d303,65c259a8-3bb4-539b-a89a-bcf546ea21b0,달강어,달강어,INGREDIENT_BASE
2d0dc860-1fa1-5568-9bae-0d65983e2e06,4f418fd7-db94-5468-aeec-47b94fb781e5,달걀,달걀,INGREDIENT_BASE
7b681f17-e39a-5886-8de6-61ff327db7ab,7abe46e2-859d-5e86-9bbd-816d03221f29,달고기,달고기,INGREDIENT_BASE
bb600517-289f-5b51-bda8-89025d67619e,3048dbeb-f72d-52fe-b2fa-0b9edbe7eaa6,달래,달래,INGREDIENT_BASE
49c5a9d8-09e2-5e32-904c-0134a84a85d9,679ba024-09ec-58ea-8bb3-f073070a578d,닭가슴살,닭가슴살,INGREDIENT_BASE
4ac97252-5961-53a4-99ac-301a39c0a820,0a56457e-1182-543f-a382-32c0097abf6b,닭가슴살 패티,닭가슴살패티,INGREDIENT_BASE
22e30cfa-7005-5274-8370-5b064b59f7f4,43c80150-ad7e-5196-97af-6a05d2425729,닭고기,닭고기,INGREDIENT_BASE
baf851c3-484c-5881-a584-2ba2095bd641,cca060e5-fae8-5663-b4a8-2b51cf39f993,닭꼬치,닭꼬치,INGREDIENT_BASE
581639f1-34eb-5278-8030-c75c84d10754,1f0e33de-22fd-5735-ad68-81355db9c6d5,닭 부산물,닭부산물,INGREDIENT_BASE
4f3d751a-16a5-5eb4-a855-bff5b9c5f104,98e294d9-e8af-5d6a-b0c4-21c1975e45c7,닭뼈 육수,닭뼈육수,INGREDIENT_BASE
22a8911e-af63-5990-a9d7-afb6322e8527,26b7efd3-3cb4-5886-bd19-326f171f60b5,닭 육수,닭육수,INGREDIENT_BASE
c1be681f-85e1-576c-9bce-f1a55fccfb7a,f63d64fc-00c7-5ae7-88cb-335e6685d9b1,담치,담치,INGREDIENT_BASE
1105bdd8-4b26-51a9-a432-a5b0b7f53928,3ad53e41-b130-5d0b-9458-4a36cd91999a,당귀,당귀,INGREDIENT_BASE
2bddbd7d-4945-5553-8745-864c72ce4e4f,f5cde03f-aa89-5743-b247-4fd35bffa46d,당근,당근,INGREDIENT_BASE
1a901e93-45b5-5be6-84ee-c24a6b5553b5,0ca74cbc-59b9-59e1-9840-9309523dc86f,당근즙,당근즙,INGREDIENT_BASE
aba50f30-d932-56d7-b96a-004cb5342d10,b9703207-bcae-5d22-95e8-f6d400905140,당근 착즙,당근착즙,INGREDIENT_BASE
8f570102-2447-5ffe-b901-9bffbb46a3b6,a806000b-8fde-5831-b385-96da2aaa7ee6,당면,당면,INGREDIENT_BASE
d61a31a8-db84-5b23-90fc-ce2a9d32f9a7,87baba08-85a6-58fd-9920-a6ed46d6f79e,대구,대구,INGREDIENT_BASE
a10d0727-5563-5706-a049-ee4418c3aadf,915f075f-b128-5407-8778-73aa0465e8fa,대구 튀김,대구튀김,INGREDIENT_BASE
9e2f67d3-b427-5a09-af19-79ae5f40cde7,2fae7be5-5973-5933-b155-1aad093a8b79,대구횟대,대구횟대,INGREDIENT_BASE
d203714e-5436-548d-9cb8-d5c02e85881c,71645286-a08b-5c61-9b2d-1a45775d7fb2,대두,대두,INGREDIENT_BASE
699b294a-6c18-54ae-8b8c-caaf695c8014,a67a544c-2d86-5787-a85a-6bc3c9eff1c0,대두어(흑연),대두어흑연,INGREDIENT_BASE
b6ebdb19-37d3-5be3-8b6d-f177edb8059f,c300bc48-561f-54b3-b437-513f8988f740,대수리,대수리,INGREDIENT_BASE
d721ab2e-6a2b-53cb-8f59-0e5b1994604e,2a45bf38-d4aa-5075-a561-533752800551,대체식품,대체식품,INGREDIENT_BASE
cd2dab3b-cf47-5983-8191-6fb7cf95d544,69ba47c8-1443-5930-ae7c-ebf986783aac,대추,대추,INGREDIENT_BASE
04d3cad0-b814-5c1f-8de3-41e12c3cd12a,204d541b-5c1f-5982-8acf-cb2b0fdad379,대추야자,대추야자,INGREDIENT_BASE
4c26ba5f-1019-5295-9bf1-35580a70a9e2,c01cc642-f900-5ce5-b205-557c9591e8da,대합,대합,INGREDIENT_BASE
dc627094-3c4e-5101-b4a0-81751a87b732,c18b22e5-9acc-5e9b-98a1-8f7b64f6ae2e,대황,대황,INGREDIENT_BASE
4255e800-f11a-5a62-bda0-8089a00b98a1,b6ec493e-2965-541a-993e-62d1f822a222,더덕,더덕,INGREDIENT_BASE
5a8f0a47-ae15-5fdf-9cfe-0a4ed71579b7,9b61856a-b7a3-56c5-84d5-6e3a26447622,도다리,도다리,INGREDIENT_BASE
c4985482-518b-51d1-a9a0-d4643765e4f7,d8271bff-ca0a-5ee1-86c4-fece94a7e0c8,도도바리,도도바리,INGREDIENT_BASE
d87d158f-a8e7-5566-a60c-d98996fb7c62,81bb2e0a-cd7c-5871-bbf4-7b2f4997dcc7,도라지,도라지,INGREDIENT_BASE
7e805df8-b856-557b-9e8f-fe3957087fa2,859b0527-46de-5c5a-8955-9b004e4b61ca,도루묵,도루묵,INGREDIENT_BASE
f2b699cb-5eda-5b20-ac6d-4b8b9e2bd427,06740428-ea47-53c2-ba75-4241c1abfc1d,도치,도치,INGREDIENT_BASE
ce0879c8-ea22-593d-9312-ed97113604db,fc3aca06-f363-51c2-8338-63d8c104d4cf,도토리,도토리,INGREDIENT_BASE
fc8d1754-1474-593f-affe-d211c38097a9,5486a666-f5a7-52da-87f0-8f558b370506,도토리묵,도토리묵,INGREDIENT_BASE
fdea60e9-1052-5580-83e6-9c5a0108b4b1,6254ed46-54bb-5876-bbb2-e634ab6ba763,독가시치,독가시치,INGREDIENT_BASE
4ee67980-d674-54f3-ad2a-1457c7f87d5c,663233e2-d8fe-5cff-806c-42974b58f890,돌나물,돌나물,INGREDIENT_BASE
8509d472-5bb3-5991-bf90-b35ffaa4f480,36ea984d-bb5e-52f4-a461-0ee58c42aea8,돔,돔,INGREDIENT_BASE
5a6964df-e89c-529f-bec6-7e0e5ec22227,ad5937a3-5160-5d93-8a5e-d00dfca74a53,동부,동부,INGREDIENT_BASE
1627c3ba-9fe8-5a66-958f-9ce9c4032447,31bd11bf-bd1d-57d1-b219-878da17d63d2,동사리,동사리,INGREDIENT_BASE
12ff5e1c-e953-5ab8-bfb1-172a4dea86bd,8861f55c-f22b-5228-8ccc-d46a927a7c94,동아,동아,INGREDIENT_BASE
4c53dead-d171-5f02-9d1a-88cb12e029aa,43ac7260-ac75-579f-ac59-19cf5cb2c507,동자개(빠가사리),동자개빠가사리,INGREDIENT_BASE
fbe8ca4d-2c7e-5b37-a017-216b0f7a0188,6b3afa93-8f65-5ac2-b4a3-3a1dfd3108e0,동충하초,동충하초,INGREDIENT_BASE
2a961de5-c854-5f43-826c-d026bb6b6936,9574a287-fa07-58a6-8bc4-e9eda3661465,돼지감자,돼지감자,INGREDIENT_BASE
a5f61314-701b-52a7-8274-ac588a19ee24,ebf93184-8e69-5958-90a1-92146150b3d1,돼지고기,돼지고기,INGREDIENT_BASE
18d449f8-6489-5ef7-878a-b74a1c9fe6b8,90520238-823b-5089-94c6-e94d60a18311,돼지 부산물,돼지부산물,INGREDIENT_BASE
f88c2e4f-987e-567c-9111-854893cde541,3b91cf37-56c1-51bb-bb64-3ab289cd6628,돼지불고기,돼지불고기,INGREDIENT_BASE
817bd33b-7093-54b8-b8e1-5f7e30f01d82,599a6b68-3bd0-5dd2-a5d5-2c2a4ab90875,두릅,두릅,INGREDIENT_BASE
a90eaf6d-ff5c-5a80-99cf-9912e351b790,54f169c0-79ae-50f3-9c03-4a82eb0aadf1,두리안,두리안,INGREDIENT_BASE
8f8231e4-7ebf-5cd4-ba62-d5480b99b700,705f0c76-b3ca-565f-a528-6030de6b4c71,두부,두부,INGREDIENT_BASE
027aab7a-120b-55d4-bfdc-1bd08399994f,27c6e6d2-73a1-5f00-95b9-31ee3d788293,두유,두유,INGREDIENT_BASE
3b1edf5d-d9e5-5621-95da-cca145f960a5,c52d2242-1c82-5c4a-95bc-ef2cff720ba4,둑중개,둑중개,INGREDIENT_BASE
86dfd498-3ad9-5138-b70a-8c2c7cf01a87,d880f0bf-53a1-5b99-a153-74d6032b92b3,둥굴레,둥굴레,INGREDIENT_BASE
a4d69168-9196-5bc5-9727-4e7e258bc17c,09b3167a-6fc9-5cbc-8fa5-ff0dd6ee4df4,드렁허리,드렁허리,INGREDIENT_BASE
5a451cfc-d469-5691-bd1e-172dc0c16f65,0e728b85-9ff9-5ab5-bde1-6c70fe22030a,들깨,들깨,INGREDIENT_BASE
de81d9a5-941f-5b8a-af66-001b72da2ceb,d365eee2-9426-57ae-b9c3-896193ec76d1,들깻잎,들깻잎,INGREDIENT_BASE
b553df59-74d8-54ca-bfcd-a0c35ba08344,a3c2b4fe-d4b7-55ca-b801-916ab979e747,들깻잎장아찌,들깻잎장아찌,INGREDIENT_BASE
9a3a3178-4c55-5f04-940f-888a454958fa,f885d7b4-88dc-5c43-b4f9-9b817444c23c,등가시치,등가시치,INGREDIENT_BASE
b185167a-5c47-5418-8983-a56ecfdff748,3d1052f7-b87d-5170-9492-62afe8f540d7,딸기,딸기,INGREDIENT_BASE
88e4048b-5545-51a1-9ff7-a65d0fb6eae4,52ce8ce3-f902-58d3-8b64-fa67f5e48dac,땅콩,땅콩,INGREDIENT_BASE
886ce54e-3fae-5edc-b2b7-157b6eb96282,85f39f9a-27aa-5d46-8f48-c10b27c2fcd7,뜸부기,뜸부기,INGREDIENT_BASE
55ffe2b0-0a01-5637-8c93-23a5c7e0de2a,4e571358-dc35-5a39-b724-332a81608ef1,라임,라임,INGREDIENT_BASE
35cd6946-9db9-55ec-ab7d-5b7ccd18fef5,b4169ff3-229d-5c77-a713-49e41a8c015d,라즈베리,라즈베리,INGREDIENT_BASE
fb9e6cc4-3989-586e-9972-364b1f4d6f19,17ed529a-93c8-53ad-bcfb-1307c9b1a484,람부탄,람부탄,INGREDIENT_BASE
01009c5c-9d4e-5b2b-a475-f47e3e47837a,d9ce7724-e0fc-5ac9-8727-ea0b29bf0e2b,레몬,레몬,INGREDIENT_BASE
bec01d15-9ac7-5820-9676-4981494f30ee,df90ad10-68f9-5e5a-8b9d-006ff4383094,레몬 착즙,레몬착즙,INGREDIENT_BASE
b7e37c3d-54b7-57e8-8402-11796bee2d07,8457bc92-28df-5307-91c6-b297721f06d3,렌즈콩(렌틸콩),렌즈콩렌틸콩,INGREDIENT_BASE
55fa7c5e-1983-58d8-9715-a82942a7c707,8d902b4b-6eb9-58ac-b7a1-cb31ee9da0a0,롱안,롱안,INGREDIENT_BASE
1966e6b1-9a8b-5114-8e6b-36815f77d5b2,6443db9f-fa74-5ab3-af62-998086dc8545,루꼴라,루꼴라,INGREDIENT_BASE
bcefada7-2814-5931-9824-10f2e7e1e843,3e61a97b-e2bd-594c-a705-849bc55b880d,리마콩,리마콩,INGREDIENT_BASE
c765af26-92db-5e2f-825c-0c330ae8ede9,3f4b12e2-5e3f-57a0-a7d8-424f32550fd7,리치,리치,INGREDIENT_BASE
276bc193-ca3e-58f7-a9fc-d9b85f556fc2,0bfb51f3-b724-575f-8b43-0cf569506eee,리크,리크,INGREDIENT_BASE
2901ac75-0f7d-517b-b65f-3e0cd4c4b2d6,bc572b59-0bdc-5d4e-93c5-676a81a1ee2e,마,마,INGREDIENT_BASE
d477cda3-f186-5170-bf69-f49fafd1c8fb,41e02a1f-ac4d-535d-9c3e-3db272e4313f,마가목 열매,마가목열매,INGREDIENT_BASE
17d31f8c-dcea-51de-baf5-b98fdf60bb69,3d0b96db-2a01-5424-a121-19048e36ef11,마늘,마늘,INGREDIENT_BASE
922fe1e3-ac4c-5b13-88da-6f40b3060e08,bd7d30e9-c6e9-5017-9bb5-9938dd75b7cd,마늘 장아찌,마늘장아찌,INGREDIENT_BASE
8398e505-c0cc-5288-9242-abcc52d5162e,43a45256-f506-58d6-b4f4-9fe1426bdc76,마늘종,마늘종,INGREDIENT_BASE
55448861-1a49-5535-a169-b81b2dde833d,8667f970-97dd-5251-82e7-c3bbe88e1dab,마늘종 장아찌,마늘종장아찌,INGREDIENT_BASE
b095ca8f-3121-5b80-b852-45045d2418c5,b7b513e9-908d-558a-8fc3-616d3f472c32,마름,마름,INGREDIENT_BASE
96fe9f50-7594-5a18-8247-b156268863c2,fb53d7c7-942c-57a5-87a6-228c69bdf861,마카다미아,마카다미아,INGREDIENT_BASE
247bc120-25ee-598b-b8df-b6e233320219,5dcce9ec-7d5b-5e8c-bb93-d99ea5f62a0f,마카로니,마카로니,INGREDIENT_BASE
a53ca60a-a444-5f67-97de-9702ba76bb6d,c3f17745-d590-5434-85e2-ef3aaa0b9518,마타리,마타리,INGREDIENT_BASE
f6b599ef-69ac-5491-864e-5054841de490,7e21d9c3-a91b-521f-836c-e52466865845,만가닥버섯,만가닥버섯,INGREDIENT_BASE
eebf9b94-eea9-5344-ab16-a29f94ab1a04,7b0d956f-d411-526a-add7-b7fbe874f3f6,만새기,만새기,INGREDIENT_BASE
248f0ce8-e625-58e8-95b3-cd0a1ae6a254,1b7ea09e-778e-53f8-be64-baa589d36666,말고기,말고기,INGREDIENT_BASE
e8c349fa-4329-5390-b967-448c9ad1e221,819a76f4-f736-5ff0-a279-95776707b69b,맛,맛,INGREDIENT_BASE
b2475005-e812-5f9b-9e2d-e52efcfc4839,cf97e106-b894-5fd6-a25c-afc4ec4f676b,망고,망고,INGREDIENT_BASE
59c05fb4-3044-55ec-94d1-9e291be95397,6c0c692a-0d4e-5cc2-a8af-8368c0710a03,망고스틴,망고스틴,INGREDIENT_BASE
99043118-8cd6-5c3f-8caa-f98e84cdf3a5,18f5278e-7a1a-5522-8ab7-e4a4ae05bdf4,망둑어(풀망둑),망둑어풀망둑,INGREDIENT_BASE
ce116afd-54d4-5dbc-b84a-eef1a8ba2bfa,3d331814-4671-5c45-aba8-b8636a483bb5,매생이,매생이,INGREDIENT_BASE
1793eba0-dc57-5a18-bcbe-5e177434c241,65bf1ec1-bd31-5fbc-ba46-05b11c151e81,매실,매실,INGREDIENT_BASE
bd4ec1e6-7d17-519c-ace7-c5838328bb11,6f5f25e1-6400-5167-b9c5-a543aff17467,매실 절임,매실절임,INGREDIENT_BASE
4ca712b7-4e14-542f-a64a-4a1fe2900c53,98397b56-1b35-5c08-af52-3ed50757264a,매실청,매실청,INGREDIENT_BASE
00a098df-3354-5d30-88a9-7afc84c7afa1,eb912f4e-1a7d-5889-ab40-25d3f07c6ee5,매퉁이,매퉁이,INGREDIENT_BASE
413fe70e-2f8f-56d1-aeb2-b141ea9a7c1e,53366bad-687b-5223-8527-5fd4219ca04d,머루,머루,INGREDIENT_BASE
31ce3125-2316-59f2-881b-c5751f5c6213,ff9564e5-04b8-5490-820f-2adbaae9f568,머루씨,머루씨,INGREDIENT_BASE
3292426e-09fb-51a6-bb3a-ced722aeead3,e962114c-cdf7-57e3-8d4b-7f2d73b7d516,머위,머위,INGREDIENT_BASE
de4798b5-999e-5c5f-a466-2329500dcd0b,81c8153f-4ec6-5e85-b55e-8f27eb76a056,멍게,멍게,INGREDIENT_BASE
150991a5-9060-53cf-b859-46a28ef58f70,668db10f-6de4-53e4-8c15-01df2286c366,멍게(우렁쉥이),멍게우렁쉥이,INGREDIENT_BASE
b48feadb-a21b-572c-a099-f526cd8e9ef2,fc110a29-83ec-574c-a508-4ab2b874801e,메기,메기,INGREDIENT_BASE
5d1b92a7-3df3-5aba-ad3e-70307bd01cf4,71264b0f-cb1e-5d09-8dbc-fc80f735330b,메밀,메밀,INGREDIENT_BASE
ba3b4f44-8290-5f47-87e4-aeeb1e190f8a,304d4318-5335-5cdd-95f6-b2fd681f77bd,메밀묵,메밀묵,INGREDIENT_BASE
29b58e0f-63ab-5aad-90da-76a9827082bf,22acd061-b5fb-55f6-9abc-6ec37c382c2b,메추리고기,메추리고기,INGREDIENT_BASE
4a65a7bc-02d9-57a1-8b27-eeb121f8d2fe,ca3bb869-012b-54f2-8b64-07234e6a518e,메추리알,메추리알,INGREDIENT_BASE
77e56f9a-e140-520e-a523-6b0397412749,69e7a53a-11ea-5ae7-968f-2d8b21cc2bb0,멜론,멜론,INGREDIENT_BASE
5c650284-d60e-5c0e-9957-0e51227445f0,ab38fd82-a91c-5559-a470-88adea72e88e,멥쌀,멥쌀,INGREDIENT_BASE
b326d56b-83b0-5116-9daa-b7dade14a61e,1d91c0b8-e062-5026-94c6-f305aa6e5cd5,멧돼지고기,멧돼지고기,INGREDIENT_BASE
5bd1f468-bfb4-5460-bbef-0ec8a1b95496,b7ceee44-699b-5b3e-915d-007c20eec7bc,멸치,멸치,INGREDIENT_BASE
d5843859-62e8-5d01-9662-1fd12d02d372,d34990b5-eb47-5fee-812a-4e3212319fd2,멸치 볶음,멸치볶음,INGREDIENT_BASE
74b368cb-405f-5cc2-b216-ecc55ac01485,3ea15a40-1cf7-597d-9005-7982c56ff76a,멸치 육수,멸치육수,INGREDIENT_BASE
8dad06d6-43a7-5146-a49f-6ab622b7ebf0,b56f27ee-0064-53dc-9ab5-3d020f6123ff,명태,명태,INGREDIENT_BASE
886bc87b-b6f1-54ce-99c1-ef1c2f725f76,cf245e8c-91f9-57d2-a95f-7d67d3a4027a,모과,모과,INGREDIENT_BASE
3a8915d1-5ed2-55a0-9adf-2f737e77ab30,6e9d02ad-35c9-5dd3-b5cf-d20d1939f5af,모래무지,모래무지,INGREDIENT_BASE
ab8cbbc7-a536-5770-bc28-cb1fae6ad8c9,2b461fd0-9880-54dc-aa64-e83a6641423d,모링가(드럼스틱),모링가드럼스틱,INGREDIENT_BASE
17be0b06-8f7b-5c71-9079-ef6b7ef84a27,c537bd45-5edc-5643-b167-1e93653cce42,모시풀,모시풀,INGREDIENT_BASE
183ae98c-e736-5913-9ff7-18f9008aa6de,72e67ca3-18f5-503e-9ed6-fe5fe7dbcad9,모유,모유,INGREDIENT_BASE
612ea955-ce34-538e-990a-648e50645162,b7d24f20-e021-5f4b-a0c7-968fd1cddc3c,모자반,모자반,INGREDIENT_BASE
4e95407b-079c-56c3-9ede-35e6a6dfdfda,405a5d5a-1e74-5c63-a199-98cf17ff3889,목이버섯,목이버섯,INGREDIENT_BASE
e3c24f29-84cd-5365-acb4-d998dee11c00,265f4b76-b8d1-5af7-a59b-d34d881e6f52,목화씨,목화씨,INGREDIENT_BASE
b3267665-6572-599a-94a6-f35fc2dd4198,0a649b06-ea71-55ec-b530-429326857a75,몽치다래,몽치다래,INGREDIENT_BASE
d1f99e47-1e7b-5b91-9d92-0a4343435166,6ba13ae6-0bdf-5306-b567-6fe56f54e3a5,무,무,INGREDIENT_BASE
7decd2d9-2885-5f9f-bbd5-2fe5a5572afa,fa085ded-77b2-56f4-9918-abea4ee0f8c3,무국물,무국물,INGREDIENT_BASE
136fb24c-05e8-569d-978e-609e24abb49e,eedf2802-fc70-5e03-9c15-bf0def98ee14,무말랭이,무말랭이,INGREDIENT_BASE
b8fb3cfc-a58f-554b-8123-b37feb8ec84c,aa477aab-e803-5fad-aca7-789d79e60b3a,무말랭이 무침,무말랭이무침,INGREDIENT_BASE
82adc145-3a79-5642-b6dc-0718bc6c9118,34705ec4-20b9-5f58-9c3b-13676409668c,무순,무순,INGREDIENT_BASE
c1399e3a-6624-54cd-aca5-648233c86914,672e557c-031b-56a8-91da-1e68067ac5ea,무 절임,무절임,INGREDIENT_BASE
396c3952-15be-5f3b-aaa2-6f84ee1f371c,e61ccc87-2c55-5385-892c-c31efd1b5e48,무청,무청,INGREDIENT_BASE
2aa81236-c348-5c90-8ae6-47bfa8ddd8d2,2486bcd9-d8ee-5188-bd4c-3759514d3bac,무화과,무화과,INGREDIENT_BASE
176b84d2-35a3-5977-8b8c-b5e6acb5271d,a4018607-f814-5eb0-8347-63cc335bbc5c,문어,문어,INGREDIENT_BASE
cabc82a8-7dd9-5e80-bef3-30de544f406a,6cbc3872-4abd-59a5-b2f4-490475aaaca0,문절망둑,문절망둑,INGREDIENT_BASE
04131ac5-58d6-55cd-ace6-d2ff79ab6d8e,0979290f-9a7b-5398-9aca-9d7938ec62c6,물냉이,물냉이,INGREDIENT_BASE
13a7d5e5-480d-5fb4-b227-c8add5dfcde0,7209f841-60b2-514b-b7e7-6784a54cdb24,물쑥,물쑥,INGREDIENT_BASE
52486f92-0382-5997-98e8-a32b0c32e7db,1c5445ba-a1bb-5c13-ab87-773befb86fa6,물치다래,물치다래,INGREDIENT_BASE
21d2294a-fb13-568b-8456-18f6045cd22e,3b80bd4b-75e8-5c2d-b378-e341d9c9aea5,미꾸리,미꾸리,INGREDIENT_BASE
988bde41-9262-5205-910a-128fb281d6ae,48b36882-f916-5cd4-b488-e79ce1117efc,미나리,미나리,INGREDIENT_BASE
faba3f81-bf44-59a0-8162-81c71e780c63,a8d110c2-8c53-55ca-bdda-ec04f7cc8508,미나리청,미나리청,INGREDIENT_BASE
73d244fd-96f8-5da0-bf8c-ec38e486359b,2a29359f-d246-55c4-a80a-272078834902,미니수박,미니수박,INGREDIENT_BASE
15b18ee3-2252-52fc-aabe-88ffa2dbaa25,ac7d7d53-4b23-5072-ab15-fdf6e6cd9b3d,미니파프리카,미니파프리카,INGREDIENT_BASE
8c9b0184-caed-53e2-b829-b0a059fa7bd4,38208198-b7cc-58a2-a207-05e13228d4f1,미더덕,미더덕,INGREDIENT_BASE
f883982c-8285-531d-bd5f-f811e4d48cab,e1efe018-e426-5c8a-a289-0c9a1cc78e43,미숫가루,미숫가루,INGREDIENT_BASE
92f6933f-52bf-516c-bbeb-a087949099fb,0d2a6bbb-db00-5b4c-8a42-af97e66cb87c,미역,미역,INGREDIENT_BASE
57044426-0fb9-5830-a48a-47e920112c7b,87bffa1c-5a76-5a34-87b9-cfca77ec1597,미역 튀각,미역튀각,INGREDIENT_BASE
3558e540-a385-5b52-83b0-78a1a56cfb7a,e9ca099c-e1ff-565f-b942-f75900e53e82,민달고기,민달고기,INGREDIENT_BASE
74bcbd57-9d70-5327-859b-a443d51ad99b,346da7d1-b80d-57ce-8bf7-7e84ee2c5158,민들레,민들레,INGREDIENT_BASE
809b972f-1795-5e88-8ea4-d65d00958ec6,ba73c4f9-5d4b-5680-9a6b-bbf19c45ad7f,민어,민어,INGREDIENT_BASE
82c4f1b6-9367-5a13-961f-4859ba9889ec,798baa9b-6d40-5ac8-8cc4-87bc1be60e49,민태,민태,INGREDIENT_BASE
94237495-359a-5657-b28f-508cb45c3180,355cc973-b700-589a-a689-ef3e4598c64c,밀,밀,INGREDIENT_BASE
937b6b40-cd7a-5294-8e69-18a9e3821e69,dac1d12c-e211-530e-abeb-3d0417a10c44,바나나,바나나,INGREDIENT_BASE
9d2a411b-8741-5633-a171-79ab8ed1f772,59a0d886-2be1-5def-b510-84bacb44db85,바나나칩,바나나칩,INGREDIENT_BASE
3f9f0d4e-2820-505d-bc1c-caa00e90887f,7e0e51e1-c978-5198-b1f5-ec64cb1f57bd,바젤라,바젤라,INGREDIENT_BASE
be39fd51-01ca-5126-9dfd-623008a64298,c1fcda24-1621-5814-ab4c-c3bb7ff7b657,바지락,바지락,INGREDIENT_BASE
f33e0504-ce0c-5c62-91fb-76dfd96f9867,24219d53-931a-5a9a-ab20-e0bdd9d3b60e,바질,바질,INGREDIENT_BASE
d916bca1-b1c5-538e-b133-2b2acdacd821,e319cdf3-6c1c-5d22-8ae4-0ed4a7690892,박,박,INGREDIENT_BASE
b4f448ff-d7a2-53eb-afab-fb559b129a52,e62bf6b9-c42f-5eed-8c55-83ff3196e2da,박고지,박고지,INGREDIENT_BASE
d3345f21-5e17-55c5-919d-7ea3355756b6,0957af0c-a195-5caa-b468-12179f8965b7,박대,박대,INGREDIENT_BASE
8fa2ca9f-8442-5507-ae43-4933ca5d72f8,b7e9cb24-8789-5e33-91b3-bc528224d698,박쥐나무,박쥐나무,INGREDIENT_BASE
9586442b-d3d8-57b0-841a-73fa7819779a,98c2dc2c-d530-5650-aa74-1eade5bcc782,밤,밤,INGREDIENT_BASE
38c30cb0-47a4-5386-be19-b1789c35c015,4c2ff438-087f-5142-8050-1c4909bdf607,밤버섯,밤버섯,INGREDIENT_BASE
5dbc3e75-1072-5aac-95e1-a99378045c54,4d0aa643-eaa2-5684-9528-37ab5e01ebe5,밤콩,밤콩,INGREDIENT_BASE
33ba3030-d3f2-50e3-8ee4-4ac87890510f,02b1aaba-a733-511a-8bea-ee6eec7c20ff,방가지똥,방가지똥,INGREDIENT_BASE
be1fc06a-eeb1-56f9-8713-5717351441b6,d556c904-1947-5867-a4f0-d4ebddd203c8,방어,방어,INGREDIENT_BASE
37c176c6-c6f6-5294-93d5-3e0aebc697c6,6b4b6b98-1563-5a29-8b42-f64e0c778642,방울다다기양배추,방울다다기양배추,INGREDIENT_BASE
ca532b22-7ff6-54ff-acc7-f4564280bec4,4b3335fe-9f2b-59ec-9ac8-65079afc9af9,배,배,INGREDIENT_BASE
3e702e65-80d0-51ab-bc76-da25827d6933,bf2f9d56-bdf9-5675-bd1b-7de005be52f4,배암차즈기(곰보배추),배암차즈기곰보배추,INGREDIENT_BASE
8dbacc4d-ddaa-5171-9264-b24bfe371598,bb98002f-6898-5adf-adc5-9de3bb2f6e6e,배즙,배즙,INGREDIENT_BASE
06394d5e-5afc-5b7c-a4ae-0c452cfa2e79,6681c8e4-f3fb-57d6-94b3-09c0111e55bf,배 착즙,배착즙,INGREDIENT_BASE
da5f391c-602b-5088-9553-70138c118284,3385d969-6fbd-5379-8826-a52849dccbf3,배초향(방아),배초향방아,INGREDIENT_BASE
a946563f-019c-598f-a5b6-b625f4d2ddcd,f1662970-972a-524c-946b-4677a5b9cfd2,배추,배추,INGREDIENT_BASE
4c90754b-28de-5dcc-96b2-18a19ad453de,b5df724d-9f5d-57dc-a5b7-6efb8b21a63a,백모근,백모근,INGREDIENT_BASE
d64ba2d2-141c-5f00-9cec-04178b24467b,c46c7555-0ece-5a6c-8fe2-b68c1586ae39,백연,백연,INGREDIENT_BASE
e36a4cb7-4f67-57f7-babf-5d9bd5048a3a,3065a1dc-3224-5392-8a83-984ac67d0ce9,백합,백합,INGREDIENT_BASE
5dc207f1-5c7b-590e-bf36-8b342f80cab5,13d79235-38de-580f-8bc6-3e421e912d3b,백향과(패션프루트),백향과패션프루트,INGREDIENT_BASE
8c146f71-9fbf-5549-ac76-14f327488f24,7165895b-7170-529b-9010-df85a6f46b8c,밴댕이,밴댕이,INGREDIENT_BASE
e117afa7-ad1f-59fa-8442-5d743cb1a3db,ea4488c6-f0cb-57cc-95a6-3d58a27c28f6,뱅어,뱅어,INGREDIENT_BASE
b2c8c9ac-26c1-54b6-aafa-205dded4a384,b3b1bf19-d8a3-569b-990f-36fc5b6b8e93,버들송이버섯,버들송이버섯,INGREDIENT_BASE
72840fb4-090a-5a27-9bb2-f4fb063b8c16,91f9b58f-819f-50eb-a02e-20c4a66086e4,버찌,버찌,INGREDIENT_BASE
5baa2ca9-d925-5dd2-ac82-b498e9ea97a3,589ccc69-2f30-5f34-b47a-b8b87e5ec369,베도라치,베도라치,INGREDIENT_BASE
57a52682-cf6e-5964-8b6b-58f0be38466f,75227ff1-88df-5e0f-b26e-3482679d0730,베로치,베로치,INGREDIENT_BASE
cb545dad-fb1e-5d74-a8a4-e1e738b69589,ebd6c119-bd2c-5937-810f-752281458cef,베스,베스,INGREDIENT_BASE
4eb2f241-4fc4-5a27-8433-781f99b80a54,52cc42d0-d63d-595f-9a42-0b5dcc6e0a8e,베이컨,베이컨,INGREDIENT_BASE
d2c8d681-c35a-582a-9b34-44e21918d075,ef554835-228e-5b58-893c-91c73df80647,벤자리,벤자리,INGREDIENT_BASE
84bf0847-0793-54cd-82e3-de5efe000b3a,f640ad2f-bbb6-5bfc-9c6b-9d84affe1f31,병아리콩,병아리콩,INGREDIENT_BASE
1aeacea5-5faa-5394-8561-7476a623e2fd,6b45b1c2-cdc5-5869-9767-3a0224f6286c,병어,병어,INGREDIENT_BASE
4d937197-bead-5af4-8469-f3abd4e583f3,d7dbdc14-3fee-5411-9862-8fd5560cbca8,보구치,보구치,INGREDIENT_BASE
f30d1bb7-eec0-5886-a4c9-23a26c6ea3a9,e27d5bed-1d96-548e-9b45-65f498a6b4da,보리,보리,INGREDIENT_BASE
26614de1-2e84-566f-be4b-84040cf7ac84,a4698eb5-3c97-594e-b0d4-a80a1ff6e0bd,보리멸,보리멸,INGREDIENT_BASE
7558bd87-dcc6-5ef4-b53a-8bc3685ec476,eb68dc38-ab33-5823-8f4c-9dec4fed5eb3,복분자,복분자,INGREDIENT_BASE
7dbdf3c0-d7ca-537b-ba60-55a1b4ed704d,1e907645-62f2-5598-8ddb-c1f2c9156f04,복숭아,복숭아,INGREDIENT_BASE
af3a9d29-9c38-54b3-ae0f-42ec794a4ac2,5fcba65a-b8a2-5ad8-bb0b-a9e11e351e64,복어,복어,INGREDIENT_BASE
5f262628-3d63-5751-bc41-090256bfb171,5a6039d2-f212-5424-94e9-7bdba3560f7d,볼기우럭,볼기우럭,INGREDIENT_BASE
e104cef0-5fc0-533d-a447-781837c76ba3,8fa94348-7285-596a-ad58-fa33ba929e4c,볼락,볼락,INGREDIENT_BASE
2367a9bf-3922-5b9d-b746-13a8abe1b9e0,1b4b3c14-ec66-590a-8181-ffad69559c70,부세,부세,INGREDIENT_BASE
68ef45ee-785d-5212-bf83-122c99d1202f,e37e4b3c-f5fa-5edb-a8d8-0cf53ebb5ca3,부시리,부시리,INGREDIENT_BASE
4670b076-4625-5c56-9c03-84c5013f17f9,fde5608c-f04c-5cfb-a9ee-d51362221703,부지깽이(섬쑥부쟁이),부지깽이섬쑥부쟁이,INGREDIENT_BASE
f785b1cb-2f1b-5ed2-8d38-01054afdc35c,bf880821-3e98-55f1-800e-8bb8c4bbc144,부추,부추,INGREDIENT_BASE
60752e6f-cfbb-5781-8045-cabbc8fddfc4,9d9bb31c-93fb-55eb-856b-3823511c58ac,부치,부치,INGREDIENT_BASE
4bae6fca-09e7-57ce-abf3-539dbe7dac65,06e7b10f-6633-53b8-9278-3b112c6a9137,분유,분유,INGREDIENT_BASE
886fa02b-3a55-55ca-89d5-08ed8d532df2,aca3f3de-9b61-5033-873b-f3e750344183,불등풀가사리,불등풀가사리,INGREDIENT_BASE
167a860e-5e37-5ad8-a3ca-eec2b176586f,d2e07d3e-6ff1-57ed-99dc-8555ee2dd552,붉바리,붉바리,INGREDIENT_BASE
2bf3b9b5-8e8b-59ea-a648-06ad1f72d723,0b34573a-5190-5857-aefe-4fb36266ccf7,붕어,붕어,INGREDIENT_BASE
1306088b-4a33-5810-b03c-501f6d8012b0,024f91e3-64f1-5ff6-8521-6c5c03152065,브라질너트,브라질너트,INGREDIENT_BASE
37d8315a-22e6-5a58-8424-50a869e6fa63,45b329d7-5c03-5e88-8d17-4925e9d7bf48,브로콜리,브로콜리,INGREDIENT_BASE
d6ac209b-6a69-5cb1-bd2c-2c3a1916ea4d,92ad8a8f-76d0-5451-b4b4-38297cc8e126,브로콜리 착즙,브로콜리착즙,INGREDIENT_BASE
f38086c1-42a8-5c78-8c73-6cb989f3a012,dcdf3d6d-1aba-5360-a3b5-836c95c0f72a,블랙베리,블랙베리,INGREDIENT_BASE
de289d85-2171-560c-8321-7abe7eb81055,27d5780b-35a6-578d-aa54-78eade13df45,블랙커런트,블랙커런트,INGREDIENT_BASE
a49d8eec-e731-508f-92b2-718ef31924e9,2916800e-3943-559c-8940-4f65553b67a4,블루길,블루길,INGREDIENT_BASE
9d564cc3-ef9a-5a45-87a1-5f9b2080ce10,defc7950-bef6-5ccd-9883-0c679d2da23d,블루베리,블루베리,INGREDIENT_BASE
53c95469-14e3-58f5-959a-b72997de0361,89b21acf-de39-5452-8e5d-cadac7029571,비름,비름,INGREDIENT_BASE
2c6da9dd-21a8-5744-9290-823258a0b81b,177e9fb2-7edb-5435-996a-f01b6fcfaea7,비지,비지,INGREDIENT_BASE
e1548986-b7ad-5099-99d8-cde513f3c625,3563ffe8-4f37-5bdd-ab7d-4be72e4b5e10,비타민채(다채),비타민채다채,INGREDIENT_BASE
5ee507df-e49c-59cc-a716-2869c8cd9a7a,fb5d4683-c5d8-5ad2-ad72-879113a0fcc1,비트,비트,INGREDIENT_BASE
f0b9ef83-2699-5d1b-b694-1392d80cf153,e45c1640-d11f-5d0d-a92f-5abc6f9e8cd7,비트 착즙,비트착즙,INGREDIENT_BASE
0ffa9f46-0986-5c3f-9d44-92b6f22e3fb0,cc3a6a70-ed63-5f17-9fda-6236e80e2dc4,비트 피클,비트피클,INGREDIENT_BASE
13d6d7d5-7779-5ea6-bbac-6af5acf45068,d9f713bf-fcb1-5121-9a48-24f11268b338,비파,비파,INGREDIENT_BASE
5fa31220-c50e-5e38-9801-4c18d1e91898,3110f03f-14c1-5f3e-b0c9-37ecc24b52ec,빙어,빙어,INGREDIENT_BASE
8c794286-384f-59d1-8d22-8fcff9b586ad,2115b7f2-6faf-5c26-802e-471cc91056e9,뽕나무버섯,뽕나무버섯,INGREDIENT_BASE
54d2c4f9-a6f8-5f06-89eb-62088ba0f808,3d87f900-a38e-5d1c-8d85-90b156b79eaf,뽕잎,뽕잎,INGREDIENT_BASE
3081f3ef-6803-5004-8729-801fc8da5fce,52a4d0cc-6ba9-5411-b39e-2b634686fbae,사과,사과,INGREDIENT_BASE
00c92ef3-c690-5452-adae-25b3bd4b31e5,bc2f38a9-d545-5653-bf54-8428beabd4f6,사과 착즙,사과착즙,INGREDIENT_BASE
0ebdf6ce-88b0-5d7c-8ac0-c061416dff36,d2383cf8-e565-593f-ae46-d16b9f088423,산딸기,산딸기,INGREDIENT_BASE
3cc35069-703a-5fd5-b7c7-03bddc2eda10,ca6dbe3a-f399-5b4a-a6e3-5d459c4f41f3,산마늘(명이나물),산마늘명이나물,INGREDIENT_BASE
87a506e9-df1f-55d4-9401-546d1afb4a04,67e85d70-1765-5ce6-91c2-014bb9c74566,산마늘(명이나물)장아찌,산마늘명이나물장아찌,INGREDIENT_BASE
6f46e3c3-aec9-5dfb-a651-11fdfc19884e,7b70ba28-99cb-5a45-bcab-e49d7c80d7f1,산수유,산수유,INGREDIENT_BASE
3106f440-1b79-5f7e-b226-9973797c6dc9,8d70eaa0-3cfe-53b7-9cb6-e386a81d4a6a,산양유,산양유,INGREDIENT_BASE
d306aa25-8940-51af-abf7-5dd23d813678,c147a841-70cc-58c1-8382-6569ff0f40ce,산자나무 열매(씨벅톤),산자나무열매씨벅톤,INGREDIENT_BASE
e3e04c55-e9bb-5500-ba50-247a7419358e,cebf8bc3-244b-50a9-81ee-23175a5d50d1,산천어,산천어,INGREDIENT_BASE
af65936f-70c1-5ba9-88cf-38b6285d2d42,cc31a571-cfee-52a3-b34a-6591ce6096c3,살구,살구,INGREDIENT_BASE
7e67e5e7-15f3-5ba3-b9e1-5eaae8e23575,33c8f43c-4e99-519c-9828-fe1e5087d4a9,살살치,살살치,INGREDIENT_BASE
6f066f15-36dd-506c-897e-29b63284e2f2,807497e0-58f5-509e-ad23-9a0bd14ba35b,삼나물,삼나물,INGREDIENT_BASE
4cee242a-6543-5b6f-8f2e-992e77eb5c58,c60ef1ee-3683-56b6-af27-5bc759239cc8,삼붕냐와,삼붕냐와,INGREDIENT_BASE
765d74c7-cccc-5baf-ad2f-50ee9846d990,30b52e67-e878-59bc-9d86-6f2e0ac73fa9,삼세기,삼세기,INGREDIENT_BASE
e3cc1ab6-bb8d-53b1-8d27-d4a7862d0688,7df61256-6f4c-522f-ae0c-fd25846a6608,삼씨(대마씨),삼씨대마씨,INGREDIENT_BASE
adc565c7-1879-5e6e-b8ea-d7602128458d,3ec70444-c90f-5a48-91b9-fb458792780a,삼채,삼채,INGREDIENT_BASE
00d76d74-b2ef-5b9d-819a-a383e349ae66,d8c58238-c62f-5764-8b0a-757485493eb3,삼치,삼치,INGREDIENT_BASE
513f2fe4-1fb6-508a-8b2c-f28084b6d5ef,5b86b1fc-d779-5c6b-af86-00497e6d5575,상어,상어,INGREDIENT_BASE
2810d865-76e4-5848-aa3e-77cef3f8e9cd,465b1cfe-1f8d-59fd-80d4-8fcfcb4a8107,상추,상추,INGREDIENT_BASE
3326a862-26a0-5d87-9ffd-c43856a36077,2ebf2f76-6780-5ba5-88be-dfe552b0b30a,상황버섯,상황버섯,INGREDIENT_BASE
e6dbe41b-1311-5fc4-b3d4-b5ed89f00187,1eb4b959-a088-5eab-bd8f-2d6c5516ef41,새다래,새다래,INGREDIENT_BASE
8c0560d2-3765-53a9-956d-b953a3041509,6baa8f2f-6c26-5acb-81dc-5b4f369ea80c,새우,새우,INGREDIENT_BASE
531367cc-7189-5d3c-9484-b17e4c499ce9,847ea8f2-1cb5-5202-abcc-3d6f4f4df932,새우 볶음,새우볶음,INGREDIENT_BASE
a921296b-6662-5a45-9620-868ebea871f6,974ce833-d3dc-5137-90ea-216194a702b3,새우 튀김용,새우튀김용,INGREDIENT_BASE
9aa11b38-2e33-599b-8ecb-da9f67d2e894,f5915d80-e685-5cfe-922d-e8d011fef727,샛멸,샛멸,INGREDIENT_BASE
9dfd9635-6d73-516d-b6d0-dc1c22f3e371,fc16aec8-7093-54f9-b0d7-ee8906180744,생강,생강,INGREDIENT_BASE
3a0d900d-1297-5759-9d4d-dddd0f117feb,d1af2a83-702d-5da5-8977-61a66660d453,생강 피클,생강피클,INGREDIENT_BASE
c94f4b3a-0b5f-531d-aa4b-f6ddbe53f2a9,1f9b3251-a9a9-5166-9b96-915467bbdd47,서대,서대,INGREDIENT_BASE
7b33404f-299d-5f92-ab6a-4cd9fb6e6b46,d607e407-82ca-5199-8bc3-94394caa0328,석류,석류,INGREDIENT_BASE
0fd3a18a-8057-5222-8e0b-282209fd77da,a51b89d2-2aec-5cfe-bd6d-1463de95ba8c,석묵,석묵,INGREDIENT_BASE
557ad687-8de0-5f8b-a704-3500c61cebf3,f7de8b1e-04d5-5142-9ac2-c1a815bbe693,석이버섯,석이버섯,INGREDIENT_BASE
85099ad0-fc98-5894-a58c-ff733e2b8fe3,22e983f4-46ee-5716-b299-fc41eb07d80a,선인장,선인장,INGREDIENT_BASE
90550f3d-79ff-5bf6-94f5-a1197a798830,057a6eee-f405-5379-80eb-29ba0a2e8d2e,섬초롱,섬초롱,INGREDIENT_BASE
bd0d988b-24c1-5eac-bc3d-b9719d75e8d8,ee98b08d-6db6-5e3d-8c9b-39dddd2793bd,성게,성게,INGREDIENT_BASE
7cd95067-20fa-5fb4-a71c-b7b6463cadce,8abf173b-6247-5688-b457-ab32e0deef65,성대,성대,INGREDIENT_BASE
475de331-3a6b-55c6-b14f-2b2a21c84ca4,02705afe-6c3b-5bf2-ba5f-0c1b5bf41359,셀러리,셀러리,INGREDIENT_BASE
75e999f6-a7f6-57a0-9856-2636f2c2a4a7,768c8078-f034-5066-8da9-d32e048fa3b2,셀러리 착즙,셀러리착즙,INGREDIENT_BASE
9e473b26-ddc1-5fa0-9d10-0b734342dd93,b77f6507-15db-5eff-8248-d432e293b704,셔벗,셔벗,INGREDIENT_BASE
2e5f1620-18d5-5003-8fa1-623fc10c8fe8,7215c906-c822-5833-8b6b-1593e9555986,소고기,소고기,INGREDIENT_BASE
049ce2bd-f817-58ca-b745-96b839d993b1,99393994-e1e0-5e6f-85d5-fb75d26fcdfc,소귀나무 열매,소귀나무열매,INGREDIENT_BASE
8e320989-91fc-5432-971d-3e074cf762a1,1e6c65a1-72ed-503d-a326-f29ffe0df819,소라,소라,INGREDIENT_BASE
7cac43a3-5568-5403-96cc-4bbc01e4d9b0,afbfd06e-c3de-597a-b8b3-ec730a3b7b98,소리쟁이,소리쟁이,INGREDIENT_BASE
5577d390-967b-5a75-b9e6-1d2847a9ed23,3ccfc0b5-e045-525c-b07d-2e8b623e351b,소 부산물,소부산물,INGREDIENT_BASE
15b48ae3-599f-5363-8fb3-923719620a12,65dc15a4-8196-5929-acb0-29f4d4f5dda2,소불고기,소불고기,INGREDIENT_BASE
8f3ce5e6-4063-5aa1-b3c2-2dff80711b8d,6806357a-c598-5c6a-9fab-4130a2d2484a,소시지,소시지,INGREDIENT_BASE
da2e442d-d5ba-5483-9e04-660d39ea979d,92b5cfae-5ad9-53ae-8fa7-ac60734723bf,송아지고기,송아지고기,INGREDIENT_BASE
a2da9b5e-1936-5983-9267-0b85c4bbb832,514b3321-21d6-592e-aa20-5868853e8d50,송아지 부산물,송아지부산물,INGREDIENT_BASE
9d3f2d87-3a04-52db-b7ee-556c013097dd,c79ee7ba-1583-5009-879d-f2b95d8bdc00,송어,송어,INGREDIENT_BASE
3cec418d-162a-539c-ac43-59bfdf37a64a,198c0a47-32c4-537c-a6a8-e1a3e456a0ea,송이버섯,송이버섯,INGREDIENT_BASE
08d918b9-0359-59a1-8a6a-0e683fee8e13,ead82791-934c-551f-9d12-9404d7eb9e7e,쇠귀나물,쇠귀나물,INGREDIENT_BASE
628eeb85-bb73-5b8c-ab26-6b44f8738947,f4993964-e3ca-5cd2-93a6-c8c20fdf6cd4,수랑,수랑,INGREDIENT_BASE
7a6dc2e7-d993-5eb7-8fef-3fccb9877817,f2a06599-8066-5eba-ab79-c304733430eb,수박,수박,INGREDIENT_BASE
859cd4af-7f2a-5021-8196-2582e464bd14,ec964dc2-5f12-5fc8-b000-e0cb768fdb39,수박씨,수박씨,INGREDIENT_BASE
f4a98685-332f-5fab-b805-1a7dbf1b0f1d,33bc4aa5-3250-5ecc-aa70-37d06d1dc834,수박 착즙,수박착즙,INGREDIENT_BASE
24bb94f2-b11e-5345-bb4a-d9a5ccb4796a,15a42d5c-48bb-53df-bf0c-311a4a88a6ba,수수,수수,INGREDIENT_BASE
a1fab481-b957-5713-85f0-9bed87180c5e,bacaeeb6-c98e-5658-9379-7ffeaf611c5d,수제비면,수제비면,INGREDIENT_BASE
c26d962e-012b-5878-8a94-3db480de0f3b,66756ac8-a962-5436-86ad-f5edc5b0b7c1,숙주나물,숙주나물,INGREDIENT_BASE
0588fb89-9e81-5b55-aac4-ededa1ddaad1,a53a5300-fe45-5884-bf80-322eef1a0d8c,순대,순대,INGREDIENT_BASE
657a7a43-33a6-50d9-9452-ef701c66a336,cbb65104-7037-5710-8d59-84aba0c6c74a,순무,순무,INGREDIENT_BASE
4db6f71e-62f5-587e-a4e2-cc9e733af7f9,2bea6e53-8df2-59d1-975a-e9b2601742fe,순채,순채,INGREDIENT_BASE
6662f0c0-574e-5223-b3b5-c337ad3dd4a4,0a17602a-e1c0-5dfc-8c8c-b2f09a2e2839,숭어,숭어,INGREDIENT_BASE
487e801c-1ac1-5936-96d8-8e4c96d9137b,7a9a1830-aaf6-50d1-987b-8feef759f7de,스테비아,스테비아,INGREDIENT_BASE
e252509f-36c0-56d3-9a4f-143d0c50ef28,f2666aee-c7ac-50cd-8f34-88efa29186ee,스파게티면,스파게티면,INGREDIENT_BASE
2a84fb97-10e9-5021-965d-747be0db8739,66c91ecd-041c-5836-aeef-d3b2360ebf41,시금치,시금치,INGREDIENT_BASE
98f733bd-8be1-55e1-8174-0c4d365c007c,12f625ca-ab44-5993-aaa6-dcbc7aac6c49,시리얼,시리얼,INGREDIENT_BASE
6be517f9-8864-5146-8bfb-b8ad714443cc,fa4b8fae-be52-5a07-9f81-c69e5da2bee7,신선초(명일엽),신선초명일엽,INGREDIENT_BASE
bfe11e8e-a5e8-5d95-a2ec-b99fdc9050d7,f5eb36d9-7e59-57ff-962b-df669fbcafdd,싸리버섯,싸리버섯,INGREDIENT_BASE
4b7ec4db-df0c-5f3c-b921-6234c6cce336,4fbcab42-357c-5f06-9953-228c3a851951,쌈추,쌈추,INGREDIENT_BASE
35926339-108d-5f75-aaab-c604da7344bd,92dc3060-8f10-5c0d-8224-3ee107731d74,쌍동가리,쌍동가리,INGREDIENT_BASE
81d17c8b-79cf-5e31-b3fa-5d1139a36a43,b3e5204d-6c84-50c6-824b-a0589c7ac211,쌍뿔달재,쌍뿔달재,INGREDIENT_BASE
2b2107f4-ac45-53ac-924a-7d2142591e3c,b6488314-39fb-56b8-8db9-92e9ec909bef,쏘가리,쏘가리,INGREDIENT_BASE
71c8d3b3-b47f-5c2a-86cc-4a7985adbe7b,cb26d823-cffb-5fff-b36d-925d5f65cc97,쏨뱅이,쏨뱅이,INGREDIENT_BASE
e68f7e74-8aa0-5d48-a20a-81d836bacb40,1dc3c97c-9e14-559a-9ce0-6381994b4f9c,쑤기미,쑤기미,INGREDIENT_BASE
5341ba71-a824-5433-bb39-4853e33fd479,e2813ddc-ff0b-5322-aa16-ddb1a925fab8,쑥,쑥,INGREDIENT_BASE
8b55b5e0-c655-54f9-a2a4-dad217a0b8be,f4d961f3-88f6-5f4c-b06f-186a44f1e13b,쑥감펭,쑥감펭,INGREDIENT_BASE
057e82c7-8cf2-5300-87f9-05ed4ba20b4f,477ab956-440e-5801-ac32-9cb64c8badc6,쑥갓,쑥갓,INGREDIENT_BASE
f10f01a9-6c4d-58af-b0d4-895e87a38a7d,e885fbef-391e-58a3-80ca-c8753a0852c7,쑥부쟁이,쑥부쟁이,INGREDIENT_BASE
7338be07-215e-50f5-832e-43663bc6e60c,5c67001b-fe79-5c0d-a986-af933291ab42,씀바귀,씀바귀,INGREDIENT_BASE
b3a08e4c-a56a-5cb0-8ea5-b1b919b5c0da,c13aaa8c-6e6e-55e6-a082-d06257af8d48,아귀,아귀,INGREDIENT_BASE
ee2534ad-b749-5d0b-a696-513fc238e6f1,7240d6ce-5fb8-509e-984d-70d333d5849a,아떼모야,아떼모야,INGREDIENT_BASE
58a63560-d015-5de6-af7c-61fd89f69414,9ccd7099-7985-5117-a9a8-186792a8fae0,아로니아,아로니아,INGREDIENT_BASE
0de0c47d-38a6-56fc-afb5-a3647d61edc3,f0c0e9b2-1998-581b-a1af-4c566468ceb6,아마란스,아마란스,INGREDIENT_BASE
7e5beecb-20a7-52a3-9dd9-c66e142dc57c,2ca325ee-ecc0-5f9f-8359-d776ea9b0b52,아마씨,아마씨,INGREDIENT_BASE
62f2f0b5-da06-5986-86e4-eceb86914d19,d30ab6a8-d61b-57c0-b17f-64cda13401b8,아몬드,아몬드,INGREDIENT_BASE
ea2b0453-b3f4-5157-90a4-95feece45ce9,f261ae94-e3cd-56ea-974c-ab8c6e69d357,아보카도,아보카도,INGREDIENT_BASE
56133920-3480-5a9a-a790-d4bbcfa5571d,3ecb164b-1e18-5826-927d-c2a650d11084,아세로라,아세로라,INGREDIENT_BASE
9990e606-313b-50c1-b9d4-f99956e2207d,9899291d-63cd-50a4-ba46-df19f862dfbc,아스파라거스,아스파라거스,INGREDIENT_BASE
98dbcebb-cead-5e83-9013-1e1e47bcae79,2d90f270-2f0a-5c24-8661-0cc74b8e8444,아욱,아욱,INGREDIENT_BASE
7bb668a6-347b-51d7-bf3c-8bd2f5fe72ce,e399d9ed-1795-594a-9168-0c1bc3a25d64,아위버섯,아위버섯,INGREDIENT_BASE
41f71543-cf9c-5b46-9ef7-cae14de14ffb,35b8776a-7d36-515f-aed7-f3cc070d1a44,아이비카,아이비카,INGREDIENT_BASE
963415c5-b987-5a95-a839-489bcd4f54e1,7ec8f4b7-06ae-580c-88d1-3b890de80db2,아이스밀크,아이스밀크,INGREDIENT_BASE
ae01f488-2543-520d-9bea-fbd02f574b21,e2e81b34-aebe-5d63-a4d8-6a72bf975738,아이스크림,아이스크림,INGREDIENT_BASE
4929b353-10ce-5f79-a83d-3091bcfee315,0948655b-e999-5b73-be9b-41f903c971e3,아주까리,아주까리,INGREDIENT_BASE
85a971eb-fabe-5408-b42e-10ec2800c495,ecfd6eeb-8526-5ce9-be7d-78e069a828b3,아티초크,아티초크,INGREDIENT_BASE
4287ed84-0b92-5433-8c6a-b5a1f39601dc,db17aaca-7407-50d1-aa89-517198f8a3cd,아피오스감자,아피오스감자,INGREDIENT_BASE
12cabe65-494b-5d4f-b8c2-026e1529b8e6,8ee9e318-0477-5ea4-aba5-2ced1537c875,아홉동가리,아홉동가리,INGREDIENT_BASE
434020bc-2879-5bb4-b639-e739c12eae14,b3b8e2be-d5d6-5960-a1f8-0d6ef41eb781,알로에,알로에,INGREDIENT_BASE
1ea8da8f-3ac1-50ca-b0fd-5a15d7511f2f,cbef3673-4f26-56f3-b9cc-4ddb16fb23d1,알팔파,알팔파,INGREDIENT_BASE
d3320b3a-59c8-5f8d-898d-637b92b20ac0,66df5fe8-b339-57c4-9b6a-9214b62efaf9,애꼬치,애꼬치,INGREDIENT_BASE
bce15f60-994b-51ca-93a5-c4c0cfc1ec48,1e7805e1-d4fd-5a31-8f87-47cc6a729e26,애느타리버섯,애느타리버섯,INGREDIENT_BASE
205bad5e-f312-504c-97f1-f5eaa1bfe782,6fe2276d-7d02-5033-8be8-4edfde2536b2,앵두,앵두,INGREDIENT_BASE
98e987dc-bcff-5440-9bc4-08ed21278d05,57b0054e-6e23-55a4-bed0-9c6f5b07bf8e,야콘,야콘,INGREDIENT_BASE
2336cee1-efea-5e82-8d78-f38aa45abf49,abe6d11f-0d08-59c6-885b-76fd9ad17f45,양고기,양고기,INGREDIENT_BASE
2546a16d-1c16-5510-9434-25b96088e815,b2b61579-7833-5cb7-ad61-412193b1a7d0,양미리,양미리,INGREDIENT_BASE
2ac0aa8b-93af-5d9b-b338-5ca13b819d6e,2c7818ba-4a99-5711-a670-77de491fddd8,양배추,양배추,INGREDIENT_BASE
185f76f4-038c-5a82-b139-5c695da77ab5,693da489-63e7-5a34-8e3e-ed6c275ab98f,양배추 샐러드,양배추샐러드,INGREDIENT_BASE
a9df99d3-f007-5a03-8f12-79439811344d,cf7f083f-93f0-5a65-a2a6-f3243d99e4a7,양배추 착즙,양배추착즙,INGREDIENT_BASE
81d83d32-d445-5bd1-b921-2d805d51d585,02d4f424-d40d-50f7-b7df-0e1698a8042c,양송이버섯,양송이버섯,INGREDIENT_BASE
30033757-6b07-5097-a0c4-745bcf482c19,e59fd0a8-541a-52ba-b8a8-7ed4a78d0896,양지국물,양지국물,INGREDIENT_BASE
10c83793-9fad-50f8-8626-ef019146fec7,e5d1352e-49b0-5246-9cb8-5ae1d64716a0,양태,양태,INGREDIENT_BASE
216fb365-5143-5c97-a02f-038b51c53474,e326b08a-86cc-52c6-a785-6f46ff4ec076,양파,양파,INGREDIENT_BASE
cb1e5a26-b85f-5466-934d-627b8b75f949,2c02fca4-aecd-5fc3-b41c-2473bb350f6c,양파링,양파링,INGREDIENT_BASE
75a75343-8679-5dc9-8a6c-68cde2339aa6,149e1d4d-9be9-549d-8d48-6a0aee08d917,양파 장아찌,양파장아찌,INGREDIENT_BASE
36061fa4-9e58-526f-b4c4-a595651ecd10,fe2adec8-5b86-506a-a918-f6d4536c8584,양파즙,양파즙,INGREDIENT_BASE
be30de03-0553-521d-8183-67076412d61e,550903dd-207b-53b7-b441-24cef32ad4b2,양하,양하,INGREDIENT_BASE
87f4ac91-49fd-5b36-8abe-960e905fc426,643bfdba-1c97-5ce0-a498-6304aa1d8f13,어린양고기,어린양고기,INGREDIENT_BASE
b342b555-d9dd-55a3-93d6-cf0eff624bd1,37cafc20-5305-5fc3-99a4-9b9bc039d833,어린양 부산물,어린양부산물,INGREDIENT_BASE
ffda0c57-d653-5f83-9977-bd1a504199a2,a6528d54-4fd6-53f1-aa0b-d0febcdc4638,어묵,어묵,INGREDIENT_BASE
bb2d45ce-6827-5cb1-b8ed-3bb1bcbe3a28,29c940de-8935-565e-81e7-a699a526e601,어묵국,어묵국,INGREDIENT_BASE
3c68b994-bb40-5f04-a6e8-98bea4ab9ff3,491dd269-9164-5bc8-92f4-bbc94e5dd0c8,어묵 국물,어묵국물,INGREDIENT_BASE
a487363d-b408-5a0e-9475-b72ff23ecce9,6b49599d-106f-527f-8f62-950a323928b2,어수리,어수리,INGREDIENT_BASE
5a6e0714-5e16-5e5a-becb-ecf3763a244e,abb787d9-13bf-564c-a016-ab0a0f8380e4,어육소시지,어육소시지,INGREDIENT_BASE
27d59c72-08a2-5c10-bcf1-3c9d1aa89dea,8182918e-c47b-5e55-84d2-98ab95b29106,얼룩통구멍,얼룩통구멍,INGREDIENT_BASE
c7163ee5-2926-5c3f-8320-671bc693c3c5,ae579f81-e199-5c93-ab2c-c2235cd6323f,엉겅퀴,엉겅퀴,INGREDIENT_BASE
4b58176b-0744-595b-ad61-d08adde53f27,116979dd-f2ca-5814-b43f-8c498deacbf1,에그누들,에그누들,INGREDIENT_BASE
3fb1b74b-5079-5e09-986d-fedcc0327425,59a0d1f1-7123-5912-9369-c660ddaaf5f4,엘더베리,엘더베리,INGREDIENT_BASE
57a0d965-bdbb-5517-9833-7d66f301e83e,f8f11932-6e66-5924-abac-b42e71391e69,여덟동가리,여덟동가리,INGREDIENT_BASE
3ac10ebe-294a-50e0-a67c-df58f12faa1e,8c0c1e1c-8373-5cfc-808e-e956fc936ed1,여주(고야),여주고야,INGREDIENT_BASE
2ed4fd1b-24e8-5afe-a83d-6e4d67875bcc,2c111f60-8771-5369-a5d1-3f48c58f50f9,연근,연근,INGREDIENT_BASE
91ea164a-155d-53ba-af6c-a151b4ce8e40,3a8f595a-0a42-5084-8a5f-b8b23a3cfff0,연근 조림,연근조림,INGREDIENT_BASE
6a701b05-30ac-5421-a89c-f41760b0eeee,88abaa6e-0b8a-5889-80f7-1a85a8d56b08,연씨,연씨,INGREDIENT_BASE
fb5bf85b-3de7-5127-8ce3-840410fb1163,2efdf490-8310-5470-85b5-9f7fe706f03b,연어,연어,INGREDIENT_BASE
404e7bfa-0ee7-58db-bcb8-9936cc7cc296,bb2e193e-0c95-569b-ac89-f76bf8333ea1,연유,연유,INGREDIENT_BASE
a11520f0-8579-5e99-a05b-098e0b218d43,12433cd7-9288-55d9-96ee-14a3c3e2f1ca,열대비름(아마란스),열대비름아마란스,INGREDIENT_BASE
02306a9f-80ee-5e95-9372-215e68e7dbda,c0f5c199-3690-5ae4-8400-90275a5a47de,열무,열무,INGREDIENT_BASE
c4d19636-558f-57e3-921d-716e4688576e,54db15fc-8f8b-5d08-a843-b216bdc9b8b8,열쌍동가리,열쌍동가리,INGREDIENT_BASE
8fbd6d15-a52c-5a47-ac8a-fd004058b217,92d2e0aa-31fe-5d13-8601-edf3e8cfbb38,염교(락교),염교락교,INGREDIENT_BASE
4314d04b-d298-55f2-a24a-1b7cb56fdbb3,7b4bc576-b1f1-5e4e-9ed0-e7e2f204250b,염소고기,염소고기,INGREDIENT_BASE
d3493181-f793-50e0-b6b4-05bcca2c9bba,5dcde9f0-142b-505c-80f1-d3f474247ae4,영아자,영아자,INGREDIENT_BASE
fc37b0a3-723e-5bef-af92-816635390600,8656f94a-993b-54a7-8afb-f2d3bd0b4a22,영지버섯,영지버섯,INGREDIENT_BASE
aa563ee5-cf7d-56d6-9e2e-e9dbd0add35c,277654ba-a45b-598b-bf1a-c8be89954498,오디,오디,INGREDIENT_BASE
3378aef4-2ac0-5f70-b004-332da61e14e9,c76b978a-4949-5b73-8899-3027a519a7ac,오렌지,오렌지,INGREDIENT_BASE
d6f2bd05-4d48-5781-8877-026e5964e814,22ee2505-2981-58d3-bdcb-e1cdfe9c62ce,오렌지 마멀레이드,오렌지마멀레이드,INGREDIENT_BASE
d41947cc-fe5e-5759-90b1-ac1453c187f9,f355a0e5-7edc-54d9-8fd2-a95c6b4fc71f,오렌지 착즙,오렌지착즙,INGREDIENT_BASE
a4c24fee-ef4e-534f-8783-f946a542be74,005a2a9f-9acc-5577-87d8-062d73224e5a,오렴자(카람볼라),오렴자카람볼라,INGREDIENT_BASE
fd944d4e-3cea-581b-bbd1-6bb485a981a9,7bf99fec-3ee1-53ac-bf17-72d7b305afe0,오리고기,오리고기,INGREDIENT_BASE
39bdedb4-d7d9-5dcc-b342-70368df0426e,b43400b8-dfb4-56b4-8929-c0369c0746c0,오리알,오리알,INGREDIENT_BASE
c7c58e8e-229a-5821-a165-ef63bedc9573,671e599e-3f90-5d12-b879-24e95bd33fa7,오미자,오미자,INGREDIENT_BASE
7cb4161f-abb4-587d-be24-2af141204f43,a38b5256-de08-518f-8b46-7f57f933f856,오미자청,오미자청,INGREDIENT_BASE
4b0eef3f-3e24-591c-a21e-c1440cbda76a,f576b4a7-5d62-5d0e-a745-86e9e56440c6,오분자기,오분자기,INGREDIENT_BASE
0c80b23d-d38d-5602-a94d-53ffbb54645b,e0d4ac28-763d-5b26-a942-e3cfb6dd744e,오이,오이,INGREDIENT_BASE
d528b674-4e0a-5895-9fe4-6091175fa0d6,3211d398-a23a-5c0c-a613-82f4429511e7,오이지,오이지,INGREDIENT_BASE
00a3d042-5b2d-5b6c-90b4-9b9e5e69ea50,09368243-ad48-5890-8096-8df378611451,오이 피클,오이피클,INGREDIENT_BASE
ea27c5df-ba49-5f17-b82d-556e19cdd0a3,07eda474-7de6-5e2e-8c86-08c1e648d3bc,오징어,오징어,INGREDIENT_BASE
03ca247a-54b5-5f44-8232-53e0b5e145df,15869687-67b8-5a85-b772-f4c475f18805,오징어채 볶음,오징어채볶음,INGREDIENT_BASE
7dc4a4bf-627e-5558-a17a-a6561ba056aa,68bc99b2-1461-52d2-a0dc-a7aed878e8e7,오징어 튀김,오징어튀김,INGREDIENT_BASE
36b6759e-0e49-57e2-a3d7-041e51305d07,ab0c8f3e-94bb-58d8-a938-78ec5bddc4b7,오크라,오크라,INGREDIENT_BASE
d6e3f3f3-f918-5986-9592-ef354dcde9cc,f0aacd05-1bf8-59a6-9d22-d12ee99597ef,옥수수,옥수수,INGREDIENT_BASE
39773a4e-91c8-580d-8f46-badf84e5c778,a6963579-9d02-5b36-8664-c19a20920f3b,옥수수묵,옥수수묵,INGREDIENT_BASE
2363f3f4-066c-58ce-b4a7-2249ea6a42b3,c6c13629-c7fb-546a-bb2e-50aa02e84e39,옥수수 샐러드,옥수수샐러드,INGREDIENT_BASE
aeeaa773-4136-585b-8f43-612dfc1d1068,0b808e3b-59d3-548b-8ab7-9f34b4593c7f,올리브 절임,올리브절임,INGREDIENT_BASE
2cdc525a-8021-5cf0-b8ca-abbc6688a146,73741f87-76a6-550d-999d-42afdd0c5c94,올방개묵,올방개묵,INGREDIENT_BASE
034e2987-f838-5b5a-bcc9-7ced27e64f5f,7cf32499-0ebc-5879-b86b-1fb1374c0b4d,완두,완두,INGREDIENT_BASE
343a2b48-db5c-590e-b8b7-5efbba5f1926,02c79bd4-38f8-5d33-b660-c05ad71d2c2b,요구르트,요구르트,INGREDIENT_BASE
12003d3b-63be-596f-9873-0fe6e511ccc5,efe51c35-66d2-583c-bfd6-b7afdfc49002,용과,용과,INGREDIENT_BASE
19a06213-e8e9-5524-aa7a-9dacd002c241,717ef5b6-e197-5d1a-a6b8-84012ea5d141,우각바리,우각바리,INGREDIENT_BASE
3be6648a-5d90-5564-923b-239868361f3e,e0c7fae1-510d-5c3d-8805-943c754be9d3,우동면,우동면,INGREDIENT_BASE
26931dc4-e6d4-5a38-9441-48cbbb499ede,f7ed4854-7d5a-533a-93f0-fd08bebffb0c,우렁이,우렁이,INGREDIENT_BASE
9fdf46bd-d263-5654-9165-febd3e9fdbb3,80a498f8-02a7-5a50-bb49-ed606155ced3,우뭇가사리,우뭇가사리,INGREDIENT_BASE
9e78cd37-bac1-5ded-aea1-94ead74cf12b,41942b3b-7663-5180-b5f0-c0f4e297e129,우뭇가사리묵(우무),우뭇가사리묵우무,INGREDIENT_BASE
60d83d68-9183-50f8-ac00-40c2eaf98a83,997d7def-c6f5-5e3e-adae-248607e8e78a,우엉,우엉,INGREDIENT_BASE
9a0ec9b9-367f-538d-95ce-34011cb59187,75d3101e-7d33-5999-8e9f-2ff7f3daa0dd,우유,우유,INGREDIENT_BASE
70145351-598e-503c-a1c5-6d74ad6c61e6,dd735043-2dc2-535b-9f34-41abdd8bd60f,우족국물,우족국물,INGREDIENT_BASE
397d193e-fbdc-5b45-80ac-3c92e4c2ed35,e76278fd-534c-5a41-ab96-28d4872ccf71,울금,울금,INGREDIENT_BASE
44e6e28a-0ff2-5892-bf1c-3bf7d8603249,1cb53fe7-3539-5786-a345-fc441c5c5bcc,울외장아찌,울외장아찌,INGREDIENT_BASE
3fc86ca2-836f-5ad1-9dc3-6415938f2123,02dfbe25-15db-5ca4-be30-5c5696450840,웅어,웅어,INGREDIENT_BASE
36d667d9-05c9-52dc-965d-f268d726e77d,369e3800-b111-5e6f-a4f7-899251f8c5fa,원추리,원추리,INGREDIENT_BASE
54ffba98-8696-5740-addb-69a859ec7f59,d68e9a6b-e691-507f-add9-1b544406e551,유자,유자,INGREDIENT_BASE
185ac31b-b09d-55ff-8117-c5a38cf36c6c,97b8fc03-6136-5f05-b36a-dc6e603af3df,유채,유채,INGREDIENT_BASE
38277a21-18fc-51af-b43f-2f76031f8897,f8dfdfc2-cc84-573a-9c1a-50c56ee29350,율무,율무,INGREDIENT_BASE
15379f4a-846b-570d-947a-05fe367c6eb5,a88b6ae1-d11e-5393-afbc-a2883b648f0e,으름,으름,INGREDIENT_BASE
a5835e90-f484-5654-a195-68fd99cf01ba,2f180219-83ad-5638-8033-8fd042b507fe,은어,은어,INGREDIENT_BASE
09d332f4-3a5b-5b7c-9542-8856b47a79f8,1ba0c6e1-4e04-5091-92d5-51f64f0052c8,은행,은행,INGREDIENT_BASE
f51dca49-3db8-54f0-9ebc-5bb4c6748c14,df9c1e89-af7f-52fe-be2c-ed375004dfbe,음나무(엄나무),음나무엄나무,INGREDIENT_BASE
0e4d7394-cd4d-51d8-abbf-266f2578959a,76e2b3b8-0c2a-56b0-b0fa-3012bee2435a,인상어,인상어,INGREDIENT_BASE
5edc88a7-2c24-52ca-bf20-adfe3ee05b25,4f07a0ac-1cf7-5a7d-82c0-d8262f4029ab,임연수어,임연수어,INGREDIENT_BASE
5d258033-4b18-57a0-b56e-5f5cc3a08a32,f8833c00-750f-5274-a98f-c148c021263a,잇꽃(홍화),잇꽃홍화,INGREDIENT_BASE
610439c9-88aa-57bf-93ed-2ffc242e0eef,00ddaa6f-7f8c-5ba0-939e-7e1e3117934b,잉어,잉어,INGREDIENT_BASE
e404fa7b-9fe1-501b-9aae-2a5473faac81,6d72446b-06c9-5913-87aa-ad511dbb0fd1,잎새버섯,잎새버섯,INGREDIENT_BASE
39671fd4-3828-5a43-aa66-e8e6bc56fab5,4cd0aa0e-8fc6-5123-a2ed-1c5584f90cc6,자두,자두,INGREDIENT_BASE
3c5fa1d6-e34c-5f0c-90c3-4812b68e433f,8c6d2432-deb8-583b-a975-68afd48569d5,자라고기,자라고기,INGREDIENT_BASE
28b89c24-841d-562c-8a85-363c461c892f,f9eec024-0806-5d9a-af05-73abca95e323,자몽,자몽,INGREDIENT_BASE
1fa57d6f-6799-5784-86b9-97f047df343b,a1482735-af16-5088-86d4-fc3e145dc77b,자몽 착즙,자몽착즙,INGREDIENT_BASE
b40bff40-5e89-5c83-b39b-401a7b8669fd,aea34398-e637-5724-8bb1-151416d7b677,자운영,자운영,INGREDIENT_BASE
97b6664b-4547-5135-a263-9c341daa9dfe,a69b4911-e100-5e62-ab85-5e8ae3bd23c5,작두(도두),작두도두,INGREDIENT_BASE
4fadcb48-099c-5c5a-a30f-b39342564b14,ed3b1d39-6f6e-56a8-98c0-f687dada9e98,잔대,잔대,INGREDIENT_BASE
391feaf7-f311-5ecb-aa31-13e2560ff439,e2e434a1-548e-5ece-a0d8-bdc974ad5995,잠두,잠두,INGREDIENT_BASE
d4836241-98d2-52e8-ae2d-e44a5aa5e2de,b734df02-3b46-5c94-8316-2f72f8aeb3de,잡곡,잡곡,INGREDIENT_BASE
a4503433-edbc-5a0c-97b8-562a6636cb78,bf798bcd-db71-5f4f-9d8b-6c8095504011,잡뼈국물,잡뼈국물,INGREDIENT_BASE
322bbdd8-b62b-55c2-8df2-5c28add9ceee,5ffeef34-adeb-5a52-9e35-ca2cceccd472,잣,잣,INGREDIENT_BASE
dced3538-9484-57e9-a41d-4f832a031ae0,12bc16a4-867e-55b1-9210-9bfb4492e81f,잣두부,잣두부,INGREDIENT_BASE
0606e12d-21eb-52fc-b589-11bbeaf55394,e8e2c7ba-e91c-5d4d-a2df-8615299dab9e,장갱이,장갱이,INGREDIENT_BASE
badbafcb-167e-502e-a8d4-fa540b76dcc2,9b75f1e7-3e66-529e-824c-69e8a173947d,장문볼락,장문볼락,INGREDIENT_BASE
de22d2bc-816c-55b6-a9d4-7b64f480ce24,0bf3a141-63d0-5bd8-947a-734cc6f28463,장어,장어,INGREDIENT_BASE
39782aa2-653d-5f58-9ebe-664cdaf58544,0c3ba33f-7b3f-5a34-9500-2fafbf0afc20,재첩,재첩,INGREDIENT_BASE
97bf949c-5b36-509a-a518-a7f0b941355d,045c9a54-1cdf-5738-b465-7aa392cada66,잭프루트,잭프루트,INGREDIENT_BASE
710478bc-c483-53d0-ae08-6e32c8a6c029,65e5be89-3d51-5932-9a84-d86f51546fbe,적양무,적양무,INGREDIENT_BASE
0a082d6f-5d4d-52f6-8d4f-b25e3c2d5745,61fe5e92-a80b-52bc-9a2e-019fca9382b9,전갱이,전갱이,INGREDIENT_BASE
83d4eb88-a9b4-5d63-bde2-5730190bb08e,c49bb5e0-889b-507e-9577-962fdd96a798,전갱이 튀김,전갱이튀김,INGREDIENT_BASE
32f47a87-2d65-5a89-9a83-d2feb1be398e,252b3648-6579-5eaa-bfed-7b0d9e4e833a,전복,전복,INGREDIENT_BASE
d9a26126-2587-519f-b817-c97ac5b5f5fe,0cd56b55-f75e-5e69-8e1f-394ce0f525c4,전분,전분,INGREDIENT_BASE
b5a91c08-3831-5bb5-9dfc-f98b30ec5f01,880267b7-7c25-56f8-b1d3-ff3ac2c0359a,전어,전어,INGREDIENT_BASE
3360cbbb-15ea-5a77-b29c-7bd421e1e0d1,9e0616f7-a9a7-5210-be74-be427a6bb2cf,전호,전호,INGREDIENT_BASE
b9195731-7ae0-5e7f-8c94-edff3211c723,2bf26b1c-539a-5fa3-a6c1-0826f2971dbb,점감펭,점감펭,INGREDIENT_BASE
be99a515-0324-5a13-b129-0464d0d463ab,a42aa62b-4074-50fc-afe7-f33f79f19124,점줄우럭,점줄우럭,INGREDIENT_BASE
56f25312-3aef-5b90-88b4-282ae6731eb4,2a65fd8d-024e-5404-bf5e-9cda5eaac738,정어리,정어리,INGREDIENT_BASE
21b3bab5-a017-5399-a923-15af91b5ba52,0dea5561-1453-5646-8f10-b31df7025704,제비쑥,제비쑥,INGREDIENT_BASE
7b948f84-f726-5f7b-b1e6-3e697a25f61f,65d73820-eef8-550e-9f41-eb8112fe4c88,조,조,INGREDIENT_BASE
068597b9-9d81-5d3c-80e6-089defed2453,b5f415bb-f065-508d-a4fd-40919783291f,조개,조개,INGREDIENT_BASE
7a7aba67-58c6-52ff-8062-134e0b8959db,f253a73f-4917-5c87-9a24-6be153addc98,조기(참조기),조기참조기,INGREDIENT_BASE
90cd2aae-540d-5a66-99d3-ca4a43fb55d2,3b383712-100f-579d-bfd1-040a764a4158,조뱅이,조뱅이,INGREDIENT_BASE
6cc4afb9-a3a0-5ae9-9360-43ba848744e9,4e51bffb-65ca-5371-b671-63ed1528bbec,주꾸미,주꾸미,INGREDIENT_BASE
b7174d34-31df-50bc-b415-eac84d241d97,9b58fe54-ea40-5f56-9431-69d64980c4f8,준치,준치,INGREDIENT_BASE
0d232cad-f51a-55a8-8a62-32827943dc02,2a6b482d-337b-593a-885d-974695bf8058,줄나물,줄나물,INGREDIENT_BASE
eee60cac-4185-5dee-b797-732af41b03c8,9176c61a-d2ec-5da1-9fd6-764266372cd7,중식면,중식면,INGREDIENT_BASE
f3cca90a-0c1d-5eea-82ae-9ac087daeeb6,645b5f62-1103-5e38-b57a-113fcda25bbc,쥐눈이콩(검정소립콩),쥐눈이콩검정소립콩,INGREDIENT_BASE
940f9fe8-dc65-5b87-a0c1-d66f5c589e73,5699844e-9b26-5869-8650-edad5cfcc7bf,쥐치,쥐치,INGREDIENT_BASE
b93bb805-03cf-56a8-afb1-f609863d72c6,69f7c5ce-f8aa-5b1f-be73-f0c35f29b031,진달래꽃,진달래꽃,INGREDIENT_BASE
d60aad47-d749-527c-afd1-29752c786785,30609d9c-4fd8-51a9-afa5-091b689997b9,진두발,진두발,INGREDIENT_BASE
f7206d49-d934-5f41-a5a0-49a8ea99be84,f0cf1276-3c80-57d0-afb7-2a77580282a9,질경이,질경이,INGREDIENT_BASE
000a66d2-a845-5da4-b71a-b667cc6af8e1,2ad25452-cfba-5eb6-ab08-3072bb939987,쫄면,쫄면,INGREDIENT_BASE
adac9084-0094-5a89-8c48-c8aa8a9c32ba,67a839f5-1951-58a8-bc31-c91d372cd9ab,참깨,참깨,INGREDIENT_BASE
a07e0b9a-a181-59e0-8eae-e5195b8b65e3,e7c935bf-6df3-517e-95fd-0d49fe5acd1d,참나물,참나물,INGREDIENT_BASE
afd0f871-ce9c-5a7e-8e28-7259fa0a2950,edb796d9-e9ac-5145-b1d9-0349de846902,참다랑어 샐러드,참다랑어샐러드,INGREDIENT_BASE
3cbcd14d-0090-5962-a296-71bb2d98a4b5,98fa17bd-b398-5af5-abb5-21b9d5cb669a,참마자,참마자,INGREDIENT_BASE
eb854118-29c2-5ee7-b725-fdc5a58ad80c,5f5aee9c-48fc-5901-9686-cfba71de601d,참반디,참반디,INGREDIENT_BASE
97c40654-cbf2-5a45-889d-cab4a1a90402,1c89b57a-4e7f-50e5-a50d-31ed3885c894,참빗살나무,참빗살나무,INGREDIENT_BASE
cee53b51-6622-5eee-9525-8a63aa7dcb20,72845bee-bde2-5736-9f89-90f79576e788,참외,참외,INGREDIENT_BASE
8edfa629-4801-50e8-9317-22beddc7079b,524a07a2-95fb-587b-a4d6-46895167986d,참외 착즙,참외착즙,INGREDIENT_BASE
887198f5-7537-5c9b-a879-5759a0ec5d90,aa6182ac-c204-550a-90a7-ec92d2b418f4,찹쌀,찹쌀,INGREDIENT_BASE
170b78ff-9848-5d95-ab01-6c2bf315436c,c9ef6920-8ee2-5a00-bc9f-ac0ed0997b63,천마,천마,INGREDIENT_BASE
3f17026a-0fe3-5d6c-ab2e-60862917846f,ef9d4540-0b57-5561-b7e9-7148791d8069,청각,청각,INGREDIENT_BASE
4fe3d16a-37a5-5987-93a1-364e4110a333,f3dc6865-246e-5764-b92a-3163051e47c0,청경채,청경채,INGREDIENT_BASE
00c7f232-36a9-5361-9156-c54ed2cc238e,4b1e1c89-c7ab-55c8-90f6-8c470ea65580,청새치,청새치,INGREDIENT_BASE
a582755c-77ed-5833-afc8-912499c03ebc,fdbd9cd5-82ac-549a-9d94-79adf860aed9,청어,청어,INGREDIENT_BASE
46fcc570-6baa-53d6-a413-abb07fb94006,6e8325ee-0b0a-5dd7-bfd0-a7207323d66b,체리,체리,INGREDIENT_BASE
d79094f4-da5b-52eb-a627-85517d1b60a7,61c2f7f7-4fe7-5921-917d-0b4ee0df909d,초석잠,초석잠,INGREDIENT_BASE
faedad3d-fdaa-5678-8584-2e3e598d8dfe,b17473c9-1a49-5a56-b67e-bd26ea1ab3a4,초어,초어,INGREDIENT_BASE
52af8d74-7d65-5ef4-b3a9-72351c340d78,6b84753a-0ccf-55eb-8fab-a61bff371ffa,총각무,총각무,INGREDIENT_BASE
89493e3c-2f80-5e32-893f-e6da993c6c78,49de1d1c-e3d3-50f6-9140-bc34b10a68ee,취나물,취나물,INGREDIENT_BASE
6ba1eb04-d171-5712-a077-9554be39c095,3e0a28c0-b88c-537e-8aa9-bef0c43aba35,치아씨,치아씨,INGREDIENT_BASE
bf0bf65c-332d-5086-b2a9-eeb6b9080dcc,60a1bde1-c95c-5fee-85cc-1342908f2657,치즈,치즈,INGREDIENT_BASE
69186bd5-80ee-5261-9253-7bbb5e8ee645,b402a25f-3b13-554d-b812-7ad62a9bd41e,치커리,치커리,INGREDIENT_BASE
bb004846-7992-5c21-89a2-2d327e90aa90,758aa71a-d5fa-5383-92ff-0511553121af,치킨너겟,치킨너겟,INGREDIENT_BASE
59a4aaca-21c4-5193-a4da-14eb34fc007b,69a12a4a-256a-52dc-908c-55f379b91ad8,칠면조고기,칠면조고기,INGREDIENT_BASE
16357a69-aa57-5878-b3f0-cc112cc66dfe,a69ee362-eabe-5b03-8c11-bb5f54407312,칡,칡,INGREDIENT_BASE
8176729c-3e62-5d09-9438-ab10b25ff2d8,1d195abc-16d8-5cde-944c-b8aa98a590da,칡즙,칡즙,INGREDIENT_BASE
aaefe387-b80f-574b-9163-9fbb701e5d7f,279de8eb-ea86-581d-ae3f-81156634a5fb,캐슈너트,캐슈너트,INGREDIENT_BASE
00873519-d747-51f1-b8cf-7c52ed1cb316,ac80011f-9f85-5259-952b-0324f8622bd9,커피크리머,커피크리머,INGREDIENT_BASE
479f26f8-ee55-53c5-bb4f-d63d735853d7,732428da-e8a5-5b22-9631-5f1674aedcbf,케일,케일,INGREDIENT_BASE
202640c9-b6b0-5d8a-ab4f-21e300190546,1a1f73b9-9575-5533-a5fc-9864da0946ed,케일 착즙,케일착즙,INGREDIENT_BASE
46ff27eb-0e8a-53fa-afd4-672bfead0fc2,6bc70cb8-6c42-5abf-874a-5c6fc9f24f52,코코넛,코코넛,INGREDIENT_BASE
c5b3c3d7-aa77-5d84-a73b-bd3b9b2a3f13,457d4024-714c-53d9-be13-a156e79c9769,코코넛수,코코넛수,INGREDIENT_BASE
8162cc21-5dd7-59b9-b452-c65eefecab91,23b869b4-a702-5fd9-895d-56436e8a2493,콜라비,콜라비,INGREDIENT_BASE
49ab9c00-4004-5126-b784-fb1fae1d91cd,ee1f7722-3ff3-537c-b703-d66a7ed749a5,콩나물,콩나물,INGREDIENT_BASE
0fbd5887-bb82-537f-823e-70d4d6ba4fe1,a2ba18a2-f663-5629-9a70-78e34d7362f7,콩잎,콩잎,INGREDIENT_BASE
42b40b54-b07d-5b76-b7c5-c76872b20ffb,a81d2ede-6b11-5147-bfef-d2370e2adc94,콩조림(콩자반),콩조림콩자반,INGREDIENT_BASE
a848b4b2-85d5-5656-a0bc-befb951176b0,aa432bc2-bbc2-57cb-97ee-4f92c7e9a540,퀴노아,퀴노아,INGREDIENT_BASE
25e034ee-b540-50f6-a64d-b7c83dbe9fc4,8b418d88-73c2-5319-bc95-6d885cbc9bab,크랜베리,크랜베리,INGREDIENT_BASE
41d458c6-ed03-5810-8467-f84ee55e388e,632aed7f-d3a0-5d8a-bdde-2812eeb1f821,크릴,크릴,INGREDIENT_BASE
3ee8500c-f38a-5c45-81ce-6541af861890,9542e7d6-b291-5dde-a748-94ab9dd92fab,크릴 페이스트,크릴페이스트,INGREDIENT_BASE
9abd2c79-f0d1-5e7b-a4e0-c2629c827e32,fcee91ce-92b6-5560-9820-469508c3f21f,크림,크림,INGREDIENT_BASE
b5b5429b-c674-5511-a74f-ea19cf66e5e4,6536bd98-1a48-5136-84e5-0196f0cac9a7,큰느타리버섯(새송이버섯),큰느타리버섯새송이버섯,INGREDIENT_BASE
313a1cf8-ee21-51ec-952a-e264f332e029,7b0655ca-f227-53cd-8277-ddd8d6c62023,큰우슬우렁이(골뱅이) 무침,큰우슬우렁이골뱅이무침,INGREDIENT_BASE
0d872b67-14a2-5f21-972e-c33b7d29cf8c,35e7726d-67c3-5409-a80c-3375c6b3064b,클로렐라,클로렐라,INGREDIENT_BASE
7e46c2bd-4fcf-5d87-a4d8-c3f10eb97d65,1d42bf92-88dd-59ce-86b3-c4b5927ccc49,키위,키위,INGREDIENT_BASE
57d42954-e1a2-52d2-9a6a-1bc3756130da,234bac6d-13c3-5043-a740-4394a6f6d959,탱자,탱자,INGREDIENT_BASE
29cb3827-6598-54d3-8f77-1af7bf35f87d,4c9a294e-e0f6-5c33-ad3c-fc3c53c9387f,토끼고기,토끼고기,INGREDIENT_BASE
3acce3fa-7cea-5f41-8b21-7b83aa91ef45,283187d5-89c5-5692-884f-235d8d94360c,토란,토란,INGREDIENT_BASE
c54abe0d-78c5-5740-b744-07b1303e3dd7,af750854-872d-5d5f-81db-5ea979652125,토란대,토란대,INGREDIENT_BASE
b750212c-7b5d-5a84-a8af-da91816b3359,a1c7807d-8bef-5284-a59c-890e67e6cb2b,토마토,토마토,INGREDIENT_BASE
de8ae837-ade9-511a-8a29-43b0caef1a8a,111e7f32-0293-5217-8c53-549da4982a39,토마토 착즙,토마토착즙,INGREDIENT_BASE
28c2eacb-5dd9-5ae6-a63b-043651522219,8da7bd8a-8453-545f-af57-1a925d0e584b,토스카노(잎브로콜리),토스카노잎브로콜리,INGREDIENT_BASE
b426cd5a-4fe9-5127-9573-27999b46bf0f,beb8f3ef-b744-5efa-a7ea-6e64c6e89635,톳,톳,INGREDIENT_BASE
e5e5ed62-0ece-5931-9621-1c0f6f9fa4bf,213a04be-2d65-5d55-8fd6-9cb426d60ceb,통치,통치,INGREDIENT_BASE
a66235b3-0223-5e86-a75e-eac47fd15a0c,ad797043-405d-5347-93d1-fabf9a9d86f4,투라치,투라치,INGREDIENT_BASE
b25ce925-4f93-572d-95f1-d5e28d4dc88b,9658cc3c-7672-5d33-86ab-68c9f8c8d02d,틸라피아,틸라피아,INGREDIENT_BASE
76836884-8805-52a1-a61d-d8e47c832873,698bbd5b-b7e4-50d0-b972-50dc8453340d,파,파,INGREDIENT_BASE
df9ca20f-4cf8-56b2-9e9b-f2770a9a3517,4a7c8bdc-1107-5411-863c-fd1d505157e4,파드득나물(삼엽채),파드득나물삼엽채,INGREDIENT_BASE
8cf703a7-e0cc-5048-9d0d-495fab720ceb,3398ea30-3135-54a5-9866-2abe733178fe,파래,파래,INGREDIENT_BASE
d8308e26-9d85-5ae3-afc1-2219614b0628,e38cfeea-dd2d-5494-aee6-a98a686b2e38,파슬리,파슬리,INGREDIENT_BASE
92eec48f-9853-5504-809b-b584f535989e,5c83e7b0-eb45-5cfb-ae01-6aef18f55cc8,파인애플,파인애플,INGREDIENT_BASE
55dc0db5-d533-5242-a71e-c1eb241de01d,2aa59665-0257-5732-8a84-cebe580a4180,파인애플 착즙,파인애플착즙,INGREDIENT_BASE
f616b89c-3409-5f88-8ea0-0d19a9075aa1,ae0835d0-9563-53fd-a064-d14dc90ea81a,파파야,파파야,INGREDIENT_BASE
1b0d5c85-e6c3-51f3-9db4-e5eb444a5629,f806452f-2e42-5e6e-be8e-b5097ab63f13,파프리카,파프리카,INGREDIENT_BASE
d43b2594-6d70-58ab-b613-c9410229f161,945ca820-7e01-5363-a3b3-8875e7856df5,파프리카 착즙,파프리카착즙,INGREDIENT_BASE
8a214097-8b1b-5f1f-afd5-e90eb3f771a3,374e8dd2-b201-58d3-9996-927b7d21e5f5,팥,팥,INGREDIENT_BASE
65beebe6-c34d-5692-9b43-7047068278d5,9f7774f4-bba6-5091-b32e-8d247f3f5430,팽이버섯,팽이버섯,INGREDIENT_BASE
8393945b-19c8-5528-8780-c2d1ab799a56,ab593ca9-79ad-5a7d-94f5-ff1f93209953,포도,포도,INGREDIENT_BASE
579647e8-8dea-5e4d-af85-9bc0592c4f34,febce272-1d1f-5abc-95e8-ad6afbe1e058,포도즙,포도즙,INGREDIENT_BASE
b62005f6-f6fb-5360-a9e9-603648043f09,54bd154e-ca99-5ab8-a4a6-761ade84a6b8,포도 착즙,포도착즙,INGREDIENT_BASE
0125a9f2-39d6-54d0-ad32-aa5239926c84,9c8bf794-09cf-5251-99cd-d6d730c50a9a,포크커틀릿,포크커틀릿,INGREDIENT_BASE
18224df6-fce8-5e16-9948-081100683202,78699692-9922-5e2e-b3e9-9cdc8592dba7,포타벨라,포타벨라,INGREDIENT_BASE
41e78ba5-503b-5438-9d5c-3bfdeaed9e09,db193952-725e-5859-8157-159c92a47dc1,표고버섯,표고버섯,INGREDIENT_BASE
00f52c85-4e23-5bf8-a4bc-2e9783c8fe13,b4914e7b-6105-50ad-b582-4c7a0685d648,푸렁통구멍,푸렁통구멍,INGREDIENT_BASE
78857bed-815a-526d-b32a-5daa46377c6a,221421fe-d8f8-53a4-8162-1476f1069b71,풀반지,풀반지,INGREDIENT_BASE
b37d5f15-3e3c-5712-9f82-e24d883abd97,06829dfe-62c5-50a0-9caa-45f5b94c0ff1,풀버섯,풀버섯,INGREDIENT_BASE
7b0322cb-1264-590b-979d-7488edb83bcd,1d5488b8-7644-519e-9b5f-858288cdef0c,풋마늘,풋마늘,INGREDIENT_BASE
a19e5364-4d58-5b81-9fec-aabbcb4f7881,a2b02687-bae3-5129-a30d-a682a20e7671,프루트샐러드,프루트샐러드,INGREDIENT_BASE
d733fb4f-6aab-56e8-90df-f8193936539e,3833ce59-9880-55b4-89c8-0e40dcf66307,프루트칵테일,프루트칵테일,INGREDIENT_BASE
9ee0ada2-1db4-51b2-ad73-b4df5a374158,69da22b5-6678-540b-90ff-8609689d9c11,프루트펀치,프루트펀치,INGREDIENT_BASE
a8be694f-dd11-5b62-99cc-f986ba358916,af362b5c-4f1f-5a28-b691-8a5a6c27666e,플럼코트,플럼코트,INGREDIENT_BASE
8ef6128e-1d14-5929-9273-2de76cfc2539,3b403909-a729-5875-9690-c5de5d8345a4,피,피,INGREDIENT_BASE
ca3f74d1-d989-5e2e-8faf-b0e20566dd37,771fe8df-a134-51be-8bd2-6f086a80fb09,피라미,피라미,INGREDIENT_BASE
b422c3c9-49a0-54c6-9e09-c39c40932a1c,d04a274a-d167-5b28-bb0d-86e3632b5505,피망,피망,INGREDIENT_BASE
9d33d102-0bf7-586c-ad5c-e1e32976155d,26322199-b48a-541d-84e1-03b0532145b3,피스타치오,피스타치오,INGREDIENT_BASE
56cd3851-78fd-50ce-8f57-c64ad581bf54,a6095459-a2bf-5691-b4df-203f65d9aa06,피칸,피칸,INGREDIENT_BASE
2a6db956-8017-5dd1-ab4a-a68f0aca36cf,9e6a9b72-9704-5658-8e31-146c449fe44a,학공치,학공치,INGREDIENT_BASE
297156d0-4ddc-548d-8b9b-a8e0f06a311b,6482cd94-91b4-5964-9af2-2a9187802082,한천,한천,INGREDIENT_BASE
811b379e-ec7b-5bc8-8514-1f4cba3a5054,0f7d9d53-be66-540c-9104-59ca94c886ce,한치,한치,INGREDIENT_BASE
30019d96-e510-5e90-b4d1-dce676f877cb,fa93025a-189d-560e-b94f-0bfa66cc1b44,할라페뇨,할라페뇨,INGREDIENT_BASE
9e7befd4-5c5e-59c1-96b7-de4074be64d5,cabf3b99-8457-53fb-8831-164d5d8ff55f,해바라기씨,해바라기씨,INGREDIENT_BASE
c657a93a-e88a-531d-bb37-87e4072a1caa,14d001d1-c73f-58b5-8299-fad606306c53,해삼,해삼,INGREDIENT_BASE
11359d39-b3fb-5378-965d-5f59c92b96c6,5d4c897a-f350-5f59-a976-81253c5b4747,해파리,해파리,INGREDIENT_BASE
2f17ac11-54c4-55b6-b602-49d61c6e9877,5359c642-ab1a-527e-8a8f-8abbfbdb5ddd,햄,햄,INGREDIENT_BASE
a80a5063-4140-5c87-8842-30a8faac4172,4abafb67-b5e3-5ad1-b353-f16f4bad3fc0,향어,향어,INGREDIENT_BASE
e475ff4c-ec61-510d-822d-c684131f85ce,57ddfe3c-2286-5991-a7c0-c960f874c178,호두,호두,INGREDIENT_BASE
5b36be2d-ea9b-5679-bdc0-14a8e70fb3e2,a5c0a5f5-d314-5409-841e-c5a1e1a436d7,호밀,호밀,INGREDIENT_BASE
006bf0da-0c3a-580a-be49-21da728958ea,162ac096-493e-5436-bfb9-620d02b87236,호박,호박,INGREDIENT_BASE
05560709-2b05-5854-8860-0b5289cd197c,029d9ae5-7a15-5110-acc6-3b179fa5eedc,호박씨,호박씨,INGREDIENT_BASE
b2b92de5-fff2-520d-97b6-3ff71890fec7,27b3fcfc-e356-51c8-864e-ee2d968cf82f,호박즙,호박즙,INGREDIENT_BASE
c27962fd-f13c-5590-9a44-04377931ff07,63fd7f11-4afb-5ddc-af2c-c2394ff8e37a,홍감펭,홍감펭,INGREDIENT_BASE
378c0663-1139-5118-90e2-28ae0c00f19b,b58f06f0-4f16-5674-b234-53c777273d67,홍어,홍어,INGREDIENT_BASE
f274ebef-0e49-5430-bac9-07bbc4cac2a7,dfd56266-6241-5550-b78e-fad78374cacb,홍치,홍치,INGREDIENT_BASE
0ec91b21-a398-5496-836f-86f92fdc6304,8d28363e-1a64-5b78-9959-f96dc8dfcf60,화살나무(홑잎),화살나무홑잎,INGREDIENT_BASE
82558d79-344d-55b4-a555-f2f41d008b73,a1d70bbf-7b2b-5cde-8661-75fc4181a391,황매퉁이,황매퉁이,INGREDIENT_BASE
136fc3a9-8504-5a4e-8170-8d33e7341343,5f7a5021-230e-5357-a9fd-36908bc6a188,황새치,황새치,INGREDIENT_BASE
6f31df55-892d-5c78-b6cd-b388422d3a4e,b365ca71-a9a3-5fc1-9d18-3451e2efa831,황어,황어,INGREDIENT_BASE
e25b948e-3ee2-5111-988b-257467bd0cae,d3966f4e-7d98-502f-a052-8391f465fadc,횟대,횟대,INGREDIENT_BASE
799ac774-b4ef-55a9-9124-b19ee06b0268,5892ff1d-3b91-5c9e-b03d-e2058ac1c4ff,히메치,히메치,INGREDIENT_BASE
32650f89-4f47-5616-8865-b0f98c11bd1b,594c8a28-187b-56d8-b7ed-ee349f92649f,히카마(얌빈),히카마얌빈,INGREDIENT_BASE
